card_company,card_name,fee,perform,brand,point,convenience_store,cafe,food_delivery,medical,edu,life_finance,online,shopping,transportation,travel,streaming,beauty,sprots,enter,franchisee,rank_x,chart_in,rank_y,count
현대카드,대한항공카드 the First,500000,0,Mastercard,1,0,1,0,0,0,0,0,0,0,1,0,0,0,0,1,100.0,1,100,1
KB국민카드,ONE카드,15000,0,Mastercard,1,0,0,0,0,0,0,0,0,0,0,0,0,0,1,1,100.0,1,100,1
삼성카드,K-패스 삼성카드,10000,40,Mastercard,0,0,1,0,0,0,0,1,0,1,0,0,0,0,0,0,100.0,1,100,1
삼성카드,taptap DRIVE,10000,30,VISA,0,1,1,0,0,0,0,1,0,1,0,0,0,0,0,0,99.0,1,99,2
KB국민카드,청춘대로 꿀맛α카드,15000,40,Mastercard,0,0,1,1,0,0,0,0,0,0,0,0,0,0,0,1,98.5,1,97,2
신한카드,신한카드 Deep Once,23000,40,Mastercard,1,0,0,0,0,0,0,0,0,0,0,1,0,0,0,0,98.0,1,98,1
KB국민카드,Easy pick카드,20000,50,Mastercard JCB,1,1,0,1,0,0,1,0,1,1,0,0,0,0,0,0,98.0,1,98,1
롯데카드,L.pay 롯데카드 Ⅱ,10000,30,VISA Mastercard,1,0,0,0,0,0,0,0,0,0,0,0,0,0,0,1,98.0,1,98,1
신한카드,신한카드 Globus,25000,0,Mastercard,1,0,0,0,0,0,0,0,0,0,0,0,0,0,0,0,97.0,1,97,1
KB국민카드,청춘대로 1코노미 카드,17000,40,Mastercard,1,1,0,1,0,0,1,0,1,1,1,0,0,0,1,0,97.0,1,96,3
신한카드,신한카드 Deep ECO,16000,0,VISA,1,0,0,0,0,0,1,0,0,1,0,0,0,0,1,1,97.0,1,97,2
신한카드,네이버페이 신한카드,30000,0,VISA,1,0,0,0,0,0,0,1,0,0,0,0,0,0,0,1,96.0,1,96,1
삼성카드,아시아나 삼성지엔미플래티늄카드,20000,30,Mastercard,1,0,1,0,1,0,0,0,1,1,0,0,0,1,1,0,96.0,1,96,1
롯데카드,LOCA Mobility 반띵 카드,17000,40,Mastercard AMEX,0,0,1,0,0,0,0,1,0,1,0,1,1,0,0,0,96.0,1,94,3
NH농협카드,Shopping Save카드,8000,10,VISA Mastercard,1,0,0,0,0,0,1,0,1,1,0,0,0,0,0,1,96.0,1,96,1
신한카드,신한카드 Cube Platinum#,32000,30,VISA Mastercard AMEX,0,0,0,0,0,0,0,0,0,1,0,0,0,0,0,0,95.66666667,1,92,3
KB국민카드,청춘대로 매니아i카드,15000,40,Mastercard UnionPay,1,0,1,0,0,0,1,0,0,1,0,0,0,0,1,0,94.5,1,90,4
신한카드,신한카드 Unboxing,35000,40,AMEX,0,1,0,0,0,0,0,0,0,0,0,0,0,0,0,0,94.0,1,94,2
현대카드,에너지플러스카드 Edition2,10000,30,VISA,0,0,0,0,0,0,0,0,0,1,0,0,0,0,0,0,94.0,1,94,1
하나카드,#MY WAY 카드,20000,20,VISA,0,1,1,0,0,0,0,0,1,1,0,1,0,0,0,0,93.66666667,1,85,3
우리카드,카드의정석 댕댕냥이(고양이),12000,30,VISA Mastercard UnionPay,0,1,1,0,1,0,0,1,0,1,1,0,0,0,0,0,93.66666667,1,90,3
IBK기업은행,K-22(Mileage),220000,50,BC Mastercard,1,0,0,0,0,0,0,0,0,0,1,0,0,0,0,0,93.0,1,93,1
신한카드,신한카드 Shopping,20000,50,VISA,0,1,1,0,0,1,0,1,0,1,0,0,0,0,0,0,92.5,1,85,4
롯데카드,쿠팡 롯데카드,10000,20,VISA UnionPay,1,1,0,1,0,0,0,1,1,1,0,0,0,0,1,0,92.5,1,86,2
KB국민카드,FINETECH카드(아시아나),25000,0,Mastercard,1,0,1,0,0,0,0,0,0,0,0,0,0,0,1,0,91.0,1,75,5
롯데카드,SKYPASS 롯데 아멕스카드,20000,0,AMEX,1,0,0,0,0,0,0,0,0,0,0,0,0,0,0,0,90.54545455,1,78,11
KB국민카드,와이즈카드,10000,0,VISA Mastercard AMEX UnionPay JCB,1,0,0,0,1,1,0,0,1,0,0,0,0,0,0,0,90.5,1,81,2
NH농협카드,스카이패스카드,15000,0,VISA Mastercard JCB,1,0,1,0,0,0,0,0,0,0,1,0,0,0,1,1,90.4375,1,74,16
현대카드,현대카드ZERO MOBILE Edition2(포인트형),10000,0,VISA,1,0,0,0,0,0,0,0,0,0,0,0,0,0,0,1,90.09090909,1,78,11
우리카드,우리Most카드,20000,30,VISA BC UnionPay,0,0,0,0,0,0,0,0,0,1,0,0,0,0,1,0,90.0,1,89,3
SC제일은행,뉴타임카드,10000,30,VISA BC BC Global Mastercard,0,1,1,1,0,0,1,0,1,1,0,0,0,0,0,0,90.0,1,85,4
BC 바로카드,BC 바로 에어 플러스 아시아나,19000,0,BC Mastercard,1,0,0,0,0,0,0,0,0,0,0,0,0,0,0,1,89.66666667,1,81,3
롯데카드,ALL MY DC,18000,50,VISA Mastercard AMEX,0,1,0,0,0,0,1,0,0,1,0,0,0,0,0,1,89.5,1,83,4
하나카드,JADE Classic,120000,0,VISA,1,0,1,0,0,0,0,0,0,1,1,0,0,0,0,1,89.0,1,89,1
KB국민카드,Easy link 티타늄카드,32000,50,Mastercard UnionPay,0,0,0,0,0,0,1,0,0,0,0,0,0,0,1,0,89.0,1,85,3
신한카드,신한카드 B.Big(마이펫 스노우볼 삑),13000,30,VISA,0,1,1,0,0,0,1,0,1,1,0,0,0,0,1,0,89.0,1,72,7
KB국민카드,톡톡 my living카드,12000,30,Mastercard,1,1,0,1,0,1,1,1,0,0,0,0,0,0,0,0,89.0,1,89,1
하나카드,원더카드 HAPPY,12000,40,Mastercard,0,1,1,0,1,0,0,1,0,1,0,0,1,0,0,1,89.0,1,89,1
현대카드,the Purple osée,800000,0,VISA Mastercard,1,0,0,0,0,0,0,0,1,0,1,0,0,0,0,0,88.6,1,74,10
KB국민카드,가온글로벌카드,20000,0,Mastercard,1,0,0,0,0,0,0,0,1,0,1,0,0,0,0,1,88.33333333,1,78,3
신한카드,신한카드 Puzzle,18000,0,Mastercard,1,0,0,0,0,0,0,1,0,0,0,0,0,0,0,0,88.16666667,1,78,6
신한카드,신한카드 YaY,26000,50,VISA,1,0,0,1,0,0,0,1,0,0,0,0,0,0,0,0,88.14285714,1,71,7
삼성카드,삼성 iD EDU 카드,30000,50,VISA,0,0,0,1,0,1,1,1,0,0,0,0,0,0,0,0,88.0,1,80,2
삼성카드,삼성 iD VITA 카드,20000,50,Mastercard UnionPay,0,0,0,0,1,0,1,0,0,0,0,0,1,1,0,0,87.625,1,75,8
KB국민카드,가온올림카드(실속형),15000,0,VISA Mastercard UnionPay,1,0,1,1,0,0,1,0,0,1,0,0,0,0,1,1,87.5,1,84,4
롯데카드,올마이쇼핑 카드 (통신),15000,50,Mastercard,0,0,0,0,0,0,1,0,1,0,0,0,0,0,0,0,87.5,1,83,6
KB국민카드,Easy all 카드,20000,50,VISA UnionPay,0,0,0,1,0,0,0,0,0,1,0,0,0,0,0,0,87.33333333,1,80,6
하나카드,#tag1카드 Orange,12000,30,Mastercard UnionPay,0,1,1,1,0,0,1,0,1,1,0,0,0,0,1,0,87.28571429,1,63,28
NH농협카드,위카드,200000,0,VISA Mastercard UnionPay JCB,1,0,0,0,0,0,0,0,0,0,1,0,0,0,0,1,87.0,1,71,6
현대카드,대한항공카드 150,150000,0,Mastercard,1,0,1,0,0,0,0,0,0,0,1,0,0,0,0,1,86.65217391,1,70,23
하나카드,토스 신용카드,10000,0,VISA,1,0,0,0,0,0,0,0,0,0,0,0,0,0,0,1,86.33333333,1,81,3
KB국민카드,톡톡 my point카드,12000,0,Mastercard,1,0,0,0,0,0,0,0,0,0,0,0,0,0,0,1,86.27272727,1,65,11
롯데카드,샤롯데 플래티넘 스타 카드,35000,0,AMEX,1,0,0,0,0,0,0,0,1,0,0,0,1,0,1,0,86.0,1,86,1
현대카드,현대카드 MY BUSINESS ZERO Food&Drink,30000,0,VISA Mastercard,0,1,0,0,0,0,0,0,0,0,0,0,0,0,0,1,86.0,1,86,1
하나카드,1Q Global VIVA,15000,30,Mastercard,1,0,0,0,0,0,1,1,0,1,1,0,0,0,1,1,85.875,1,56,8
신한카드,카카오뱅크 신한카드,15000,0,VISA Mastercard,0,0,0,1,0,0,0,0,0,1,0,0,0,0,0,0,85.83333333,1,68,24
롯데카드,롯데 국민행복카드,0,30,Mastercard,0,0,0,0,1,1,0,0,0,0,0,0,0,0,0,0,85.66666667,1,64,3
IBK기업은행,BLISS.7 카드(포인트),190000,0,VISA BC Global,1,0,0,0,0,0,0,0,0,0,0,0,0,0,0,0,85.5,1,72,2
롯데카드,ALL MY LIVING,18000,50,VISA Mastercard AMEX,0,1,0,0,1,1,1,0,0,1,0,0,0,0,0,0,85.5,1,74,6
신한카드,카카오페이 신한카드,15000,30,Mastercard UnionPay,0,0,1,0,0,0,0,1,0,1,0,0,0,0,1,0,85.5,1,78,8
신한카드,메리어트 본보이™ 더 베스트 신한카드,267000,0,VISA,1,0,0,0,0,0,0,0,0,0,1,0,0,0,0,0,85.4375,1,60,16
KB국민카드,BeV Ⅲ 카드,210000,50,Mastercard,1,0,0,0,0,0,0,0,0,1,1,0,0,1,0,0,85.19230769,1,54,26
NH농협카드,zgm.휴가중카드,25000,50,Mastercard,1,0,0,0,0,0,1,0,0,0,1,0,0,0,0,1,85.125,1,69,8
KB국민카드,카카오뱅크 KB국민카드,15000,50,Mastercard,0,1,1,1,0,0,0,1,0,0,1,0,0,1,1,0,84.33333333,1,73,3
현대카드,American Express® Green Card,100000,0,AMEX,1,0,1,0,0,0,0,0,0,0,1,0,0,0,0,0,84.28571429,1,68,7
우리카드,썸(SUM) 페이 카드,10000,30,Mastercard UnionPay,0,0,0,0,0,0,0,1,0,0,0,0,0,0,1,0,84.0,1,60,11
신한카드,신한카드 YOLO Tasty,10000,30,VISA,0,0,1,1,0,0,0,0,1,1,0,0,0,0,1,0,84.0,1,84,1
삼성카드,모니모카드,10000,30,Mastercard,0,1,1,1,0,0,1,1,0,1,0,1,1,0,0,0,83.75,1,77,4
롯데카드,I’m GREAT,15000,50,VISA Mastercard,0,1,0,0,1,1,1,0,0,1,0,0,0,0,0,0,83.625,1,63,8
신한카드,신한카드 All Pass,10000,30,VISA UnionPay,0,1,1,0,0,0,0,0,0,1,0,0,0,0,1,0,83.57142857,1,79,7
KB국민카드,KB국민 WE:SH All카드,20000,40,VISA,0,0,0,0,0,0,1,0,1,0,0,1,0,0,0,1,83.0,1,77,2
현대카드,현대카드ZERO Edition3(할인형),15000,0,VISA AMEX,0,0,0,0,0,0,0,0,0,0,0,0,0,0,0,1,83.0,1,83,1
NH농협카드,zgm.the pay카드,12000,0,Mastercard,0,0,0,0,0,0,0,1,0,0,0,0,0,0,0,1,82.69230769,1,58,13
하나카드,1Q Special+,10000,30,VISA Mastercard JCB,1,0,1,1,0,0,1,1,0,1,0,0,0,0,0,0,82.33333333,1,66,6
하나카드,이디야 하나카드,15000,30,VISA,0,0,1,0,0,0,0,0,0,1,0,1,0,0,0,0,82.0,1,82,1
신한카드,신한카드 국민행복,0,30,VISA,0,0,0,1,1,1,0,1,0,0,0,1,0,0,0,0,82.0,1,55,5
하나카드,1Q Shopping+,10000,30,VISA Mastercard JCB,1,1,1,0,0,0,1,1,0,1,0,0,0,0,0,0,81.72727273,1,55,11
신한카드,T우주 신한카드,18000,0,Mastercard,1,0,0,0,0,0,0,1,0,0,0,1,0,0,0,0,81.0,1,81,1
IBK기업은행,I-어디로든 그린카드,15000,30,BC,1,0,1,0,0,0,0,0,0,1,0,0,0,0,0,0,81.0,1,81,1
BC 바로카드,블랙핑크 카드,12000,30,VISA BC,0,1,0,1,0,0,0,0,1,1,0,0,0,0,0,0,81.0,1,81,1
NH농협카드,SolSol(쏠쏠)카드,10000,30,Mastercard JCB,0,1,1,0,0,0,0,0,0,1,0,0,0,0,0,0,80.66666667,1,55,15
롯데카드,롯데백화점 FLEX카드,100000,50,Mastercard,1,0,1,0,0,0,0,0,0,0,0,1,0,0,0,1,80.64285714,1,60,14
하나카드,하나멤버스 1Q카드 내맘대로,10000,30,VISA JCB,1,0,1,1,0,0,1,1,0,1,0,0,0,0,1,0,80.22727273,1,55,22
현대카드,현대카드 M3 BOOST,90000,50,VISA,1,0,0,0,0,0,0,1,0,0,0,0,0,0,0,1,80.05714286,1,57,35
우리카드,Diners Club MILEAGE,330000,0,Diners Club,1,0,1,0,0,0,0,0,0,1,1,0,0,1,0,1,80.0,1,67,2
우리카드,카드의정석 PREMIUM POINT,110000,0,BC Mastercard,1,0,0,0,0,0,0,0,0,1,1,0,0,0,0,0,79.72727273,1,69,11
씨티카드,씨티 NEW 프리미어마일 아시아나,150000,0,,1,0,0,0,0,0,0,0,0,1,1,0,0,0,0,0,79.5,1,74,6
삼성카드,카카오페이 신용카드,10000,0,VISA,1,0,0,0,0,0,1,0,0,0,0,1,0,0,0,1,79.33333333,1,42,9
신한카드,신한카드 래플(Raffle),20000,50,AMEX,1,0,0,0,0,0,0,0,0,0,0,0,0,0,0,0,79.25,1,46,4
하나카드,하나멤버스 1Q(원큐) 카드 Shopping,10000,30,VISA Mastercard JCB,1,1,1,0,0,0,1,1,0,1,0,0,0,0,0,1,79.25,1,66,8
씨티카드,씨티 NEW 캐시백,15000,0,Mastercard,1,0,0,0,0,0,1,1,0,0,0,0,0,0,0,1,79.15625,1,62,32
삼성카드,THE iD. TITANIUM(포인트),700000,50,VISA,1,0,0,0,0,0,0,0,0,0,1,0,0,0,0,1,79.0,1,63,7
신한카드,신한카드 The CLASSIC-Y,100000,0,VISA Mastercard UnionPay,1,0,1,0,0,0,0,0,1,1,1,0,1,1,1,0,79.0,1,79,2
우리카드,DA카드의정석 Ⅱ,12000,0,Mastercard,0,1,0,0,0,0,0,0,0,0,1,0,0,0,0,1,79.0,1,79,1
KB국민카드,K-패스카드,8000,30,VISA,0,0,0,0,0,0,0,0,0,1,0,0,0,0,0,0,79.0,1,73,6
IBK기업은행,BLISS.5 카드(마일리지),95000,30,VISA BC Global,1,0,1,0,0,0,0,0,0,1,1,0,0,0,1,0,78.73333333,1,43,15
SSGPAY. CARD,SSG카드,10000,0,Mastercard,1,0,0,0,0,0,0,0,0,0,0,0,0,0,0,1,78.54545455,1,43,11
IBK기업은행,K-패스 (신용),4000,20,Mastercard,0,0,0,1,0,0,1,0,0,1,0,0,0,0,1,0,78.5,1,55,6
현대카드,현대카드ZERO MOBILE(할인형),5000,0,VISA UnionPay,0,0,0,0,0,0,0,1,0,0,0,0,0,0,0,1,78.0,1,51,10
삼성카드,삼성 iD ALL 카드,20000,40,VISA Mastercard,0,0,0,0,0,0,1,0,1,1,0,0,0,0,0,1,77.8,1,63,10
KB국민카드,톡톡F 카드,12000,30,Mastercard AMEX,0,1,0,0,0,0,0,1,0,1,0,0,0,0,0,0,77.75,1,77,4
롯데카드,LOCA LIKIT Shop,10000,40,Mastercard AMEX,0,1,0,0,0,0,0,1,0,0,0,0,1,0,0,0,77.30769231,1,42,13
IBK기업은행,Daily With(데일리위드)카드,12000,50,BC Mastercard UnionPay,0,1,0,1,1,0,1,1,0,1,0,0,0,0,0,0,77.25,1,46,8
BC 바로카드,밸런스 카드,12000,40,VISA BC,0,1,1,1,0,0,1,0,0,1,0,1,0,1,0,0,77.25,1,37,8
현대카드,the Red Edition4,300000,50,VISA Mastercard,1,0,0,0,0,0,0,0,0,0,1,0,0,0,0,1,77.0,1,77,1
NH농협카드,NH올원 All100(올백)카드,8000,30,Mastercard JCB,1,1,0,0,1,0,1,0,1,0,0,0,0,0,0,0,77.0,1,52,20
IBK기업은행,IBK-Hybrid(하이브리드)카드,10000,0,Mastercard UnionPay,0,0,0,0,0,0,0,0,0,0,0,0,0,0,0,1,76.90322581,1,50,31
우리카드,SKT 우리카드,15000,30,Mastercard UnionPay,0,0,1,0,0,0,1,0,0,0,0,0,0,0,1,0,76.5,1,59,2
IBK기업은행,마일앤조이카드(아시아나),30000,0,UnionPay,1,0,0,0,0,0,0,0,0,1,1,0,0,0,0,0,76.48648649,1,46,37
삼성카드,국민행복 삼성카드 V2,0,0,Mastercard,0,0,0,1,1,1,1,1,0,1,0,1,0,0,0,0,76.45714286,1,43,35
하나카드,CLUB SK(클럽 SK)카드,7000,40,VISA Mastercard AMEX UnionPay,0,1,1,1,0,1,1,0,0,1,1,0,0,0,1,0,76.21052632,1,16,38
신한카드,네이버페이 라인프렌즈 신한카드,10000,0,VISA,1,0,0,0,0,0,0,1,0,0,0,0,0,0,0,0,76.125,1,67,8
하나카드,원더카드 T,19900,40,Mastercard,0,1,0,0,0,0,1,0,1,1,0,0,0,0,0,0,76.0,1,76,1
롯데카드,롯데백화점 롯데카드,15000,30,VISA Mastercard,0,0,0,0,0,0,0,0,1,0,0,0,0,0,0,0,75.9375,1,60,16
우리카드,그랑블루 1st,100000,0,BC Mastercard,1,0,1,0,1,0,1,0,1,1,1,0,0,1,0,1,75.75,1,62,4
현대카드,American Express The Platinum Card®,1000000,0,AMEX,1,0,1,0,0,0,0,0,0,1,1,0,0,0,0,0,75.27272727,1,66,11
신한카드,위버스 신한카드(BTS),35000,30,AMEX,1,0,0,0,0,0,0,0,0,1,0,0,0,0,0,0,75.0,1,75,1
롯데카드,LOCA for Shopping,20000,150,Mastercard,0,1,0,0,0,0,0,1,0,0,0,0,0,0,0,0,75.0,1,75,1
신한카드,신한카드 O2O,10000,50,Mastercard,0,0,1,0,0,0,1,0,0,1,0,0,0,0,0,0,74.7037037,1,38,27
롯데카드,네이버페이 플래티넘 롯데카드,15000,0,VISA Mastercard,1,0,0,0,0,0,0,1,0,0,0,0,0,0,0,1,74.64285714,1,43,14
현대카드,스타벅스 현대카드,30000,30,VISA Mastercard,1,0,1,0,0,0,0,0,0,0,0,0,0,0,0,0,74.5,1,58,4
신한카드,신한카드 Simple+,10000,0,VISA Mastercard,0,0,0,0,0,0,1,0,0,0,0,0,0,0,1,1,74.28571429,1,65,7
NH농협카드,NH올원 Shopping&11번가카드(R2타입),10000,30,Mastercard,0,1,1,0,1,0,0,1,0,1,0,0,0,0,1,0,73.84848485,1,47,33
신한카드,신한카드 Noon,8000,50,Mastercard UnionPay,0,0,1,1,0,0,1,0,0,1,0,0,0,0,0,1,73.66666667,1,65,6
현대카드,현대카드ZERO MOBILE Edition2(할인형),10000,0,VISA,0,0,0,0,0,0,0,0,0,0,0,0,0,0,0,1,72.94117647,1,36,17
삼성카드,삼성페이카드,15000,0,Mastercard,0,0,0,0,0,0,0,0,0,0,0,0,0,0,0,0,72.66666667,1,43,18
우리카드,카드의정석 DISCOUNT,12000,30,VISA Mastercard UnionPay,0,0,1,0,0,0,0,0,0,1,0,0,0,0,0,1,72.66666667,1,42,30
하나카드,Mile 1.6 아시아나,45000,0,AMEX,1,0,1,0,0,0,0,0,0,0,0,0,0,0,1,0,72.5,1,68,2
삼성카드,모니모A,10000,30,Mastercard,1,0,1,0,0,0,1,0,0,0,0,0,0,0,0,1,72.5,1,72,2
우리카드,카드의정석 PREMIUM MILEAGE(SKYPASS),135000,50,BC Mastercard,1,0,0,0,0,0,0,0,0,1,1,0,0,0,0,0,71.68085106,1,41,47
우리카드,카드의정석 댕댕냥이(강아지),12000,30,VISA Mastercard UnionPay,0,1,1,0,1,0,0,1,0,1,1,0,0,0,0,0,71.33333333,1,45,6
KB국민카드,톡톡 Pay카드,20000,40,Mastercard,0,1,0,0,0,0,0,1,0,1,0,0,0,0,0,0,71.29411765,1,47,17
NH농협카드,올바른 POINT UP 카드,12000,40,VISA Mastercard JCB,1,0,0,0,0,0,0,0,0,0,1,0,0,0,0,0,71.05,1,40,20
하나카드,my pass 마패 카드,17000,50,Mastercard UnionPay,0,1,1,0,0,0,0,0,0,1,0,0,0,0,0,0,71.0,1,13,8
하나카드,Mile 1.6 대한항공,45000,0,AMEX,1,0,1,0,0,0,0,0,0,0,0,0,0,0,1,0,70.83333333,1,51,6
롯데카드,LOCA LIKIT Play,10000,40,Mastercard AMEX,0,0,0,0,0,0,0,1,0,1,0,1,0,0,1,0,70.81818182,1,48,22
신한카드,신한카드 The CLASSIC+,120000,30,AMEX,1,0,1,0,0,0,0,0,0,1,1,0,0,0,0,1,70.56666667,1,41,30
하나카드,슈퍼쇼퍼카드,15000,0,Mastercard,0,0,0,0,0,0,0,0,0,0,0,0,0,0,0,1,69.75,1,27,4
IBK기업은행,IBK무민카드(신용),10000,50,BC Mastercard UnionPay,0,1,1,0,0,0,0,1,0,1,0,0,1,0,1,0,69.75,1,50,4
IBK기업은행,쇼핑앤조이 카드,10000,30,BC BC Global,0,0,1,0,0,0,1,1,0,1,0,0,0,0,0,0,69.74193548,1,14,31
롯데카드,롯데포인트 플러스 카드,5000,0,VISA Mastercard AMEX UnionPay JCB,1,0,0,0,0,0,0,0,1,0,0,0,0,0,0,0,69.4,1,53,15
신한카드,신한카드 플리(산리오캐릭터즈),18000,0,Mastercard,1,0,0,0,0,0,0,0,0,0,0,0,0,0,0,1,68.88888889,1,22,9
삼성카드,삼성카드 taptap I,49000,50,Mastercard,0,0,1,1,1,1,0,0,1,1,1,0,0,0,1,0,68.86363636,1,43,22
현대카드,the Pink,150000,50,VISA,1,0,0,0,0,0,0,0,1,0,1,0,0,0,0,1,68.85185185,1,24,27
신한카드,신한카드 Deep On Platinum+,30000,30,Mastercard UnionPay,0,1,1,1,0,0,0,0,0,0,1,0,0,0,0,0,68.72,1,39,25
삼성카드,삼성 iD ENERGY 카드,20000,50,VISA,0,0,1,0,0,0,0,0,0,1,0,0,0,0,0,0,68.5,1,56,2
현대카드,현대카드 DIGITAL LOVER,20000,50,VISA,0,0,0,0,0,0,0,1,0,0,0,1,0,0,0,0,68.22222222,1,58,9
삼성카드,트레이더스신세계 삼성카드,15000,40,Mastercard,0,0,1,0,1,1,1,0,1,0,0,0,0,0,0,0,68.07692308,1,40,13
NH농협카드,별다줄카드,14000,30,VISA,0,1,1,0,0,0,1,0,1,0,1,0,0,0,1,1,68.04166667,1,7,24
현대백화점,현대백화점카드,0,0,,0,0,0,0,0,0,0,0,1,0,0,0,0,0,0,0,68.0,1,58,2
하나카드,원더카드 DAILY,19900,40,Mastercard,0,1,0,1,0,0,0,0,1,1,0,1,0,0,0,0,67.0,1,67,1
롯데카드,ALL MY DRIVING,15000,30,VISA Mastercard AMEX,0,1,0,0,0,0,0,0,0,1,0,0,0,0,0,0,66.71428571,1,57,7
삼성카드,신세계이마트 삼성카드7,20000,30,Mastercard,1,1,0,0,0,0,0,0,1,1,0,0,0,0,1,1,66.35483871,1,48,31
신한카드,신한카드 23.5°,14000,0,VISA,1,0,1,0,0,0,0,0,0,1,0,0,0,0,1,1,66.33333333,1,60,6
NH농협카드,올바른 MYPICK 카드,13000,40,VISA UnionPay,0,0,0,1,0,0,0,0,1,1,0,0,0,0,0,0,66.07142857,1,16,14
하나카드,알뜰교통 my pass 마패 신용카드(Hana-BC),17000,50,Mastercard UnionPay,0,1,1,0,0,0,0,0,0,1,0,0,0,0,0,0,65.66666667,1,61,3
삼성카드,삼성카드 taptap S,10000,50,Mastercard,1,0,0,0,0,0,0,0,0,1,0,0,0,0,1,1,65.66666667,1,22,6
하나카드,#tag1카드 Navy,12000,40,Mastercard UnionPay,0,1,0,1,0,1,1,0,1,1,0,0,0,0,1,0,65.54054054,1,28,37
IBK기업은행,Oil & Life카드(Oil카드),5000,30,Mastercard UnionPay,1,0,0,0,0,0,1,0,0,1,0,0,0,0,1,0,65.34782609,1,40,46
삼성카드,삼성 iD EV 카드,15000,30,Mastercard,0,0,0,1,0,0,1,0,0,1,0,1,0,0,0,0,65.26315789,1,41,19
KB국민카드,Easy ring 티타늄카드,30000,50,Mastercard,1,0,0,1,0,0,1,1,0,0,0,0,0,0,1,0,65.0,1,57,2
KB국민카드,BeV V카드(포인트형),300000,50,Mastercard,1,0,0,0,0,0,0,0,0,0,1,0,0,1,0,0,64.98113208,1,26,53
신한카드,신한카드 D-day,18000,0,VISA,1,1,1,1,0,0,0,1,0,1,1,1,1,0,1,1,64.66666667,1,58,3
KB국민카드,탄탄대로 온리유카드,15000,40,Mastercard,1,0,0,0,0,0,1,0,0,1,0,0,0,0,1,0,64.66666667,1,43,12
롯데카드,LOCA LIKIT Eat,10000,40,Mastercard AMEX,0,0,1,1,0,0,0,1,0,0,0,0,0,0,0,0,64.66666667,1,26,27
IBK기업은행,ONE AIR(UniMile),10000,30,UnionPay,1,0,1,0,0,0,0,0,0,0,1,0,0,0,0,0,64.55555556,1,42,9
신한카드,#Pay 신한카드,30000,30,VISA,1,0,0,0,0,0,0,1,0,0,0,0,0,0,0,0,64.5,1,54,4
씨티카드,씨티 메가마일 스카이패스,10000,30,VISA,1,0,0,0,0,0,0,0,1,0,1,0,0,0,1,0,64.23076923,1,15,13
롯데카드,I’m CHEERFUL,15000,50,VISA Mastercard,0,0,1,1,0,0,0,1,0,1,0,0,0,0,1,0,63.61538462,1,18,13
씨티카드,카카오뱅크 씨티카드,7000,30,VISA,0,1,1,1,0,0,0,0,0,1,0,1,0,0,0,0,63.0,1,23,19
하나카드,1Q Daily+[40주년 에디션],10000,0,VISA Mastercard JCB,1,0,1,0,0,0,1,1,0,1,0,0,0,0,0,1,62.0,1,55,2
NH농협카드,국민행복카드(비씨),0,30,UnionPay,0,0,0,0,1,1,0,0,0,0,0,0,0,0,0,0,62.0,1,39,6
하나카드,원더카드 LIVING,19900,40,Mastercard,0,0,1,0,1,0,1,0,0,1,0,0,0,0,0,0,61.66666667,1,19,3
BC 바로카드,BC 바로 리워드 플러스,10000,30,BC Mastercard,1,0,0,0,0,0,0,0,1,1,0,1,0,1,1,1,61.5,1,39,16
씨티카드,신세계 씨티 클리어 카드,5000,20,VISA,0,1,0,1,0,0,1,0,1,0,0,0,0,0,0,0,61.2,1,18,10
KB국민카드,The Easy카드,15000,0,Mastercard,1,0,0,0,0,0,0,0,0,1,0,0,0,0,0,1,61.07142857,1,30,56
우리카드,카드의정석 UNTACT,12000,40,BC Mastercard,0,0,0,0,0,0,0,1,0,0,0,0,0,0,0,1,61.07142857,1,18,14
현대카드,the Red Edition3,300000,0,VISA Mastercard,1,0,0,0,0,0,0,0,0,0,1,0,0,0,0,1,61.0,1,30,20
우리카드,카드의정석 APT,15000,40,BC Mastercard,0,0,0,0,0,0,1,0,0,0,0,1,0,0,0,0,61.0,1,31,6
우리카드,카드의정석 SHOPPING,12000,30,VISA Mastercard UnionPay,0,0,1,0,0,0,0,1,1,1,0,0,0,0,0,0,59.41818182,1,30,55
신한카드,신한카드 RPM+ Platinum#,32000,50,VISA UnionPay,1,0,0,0,0,0,0,0,0,1,0,0,0,0,0,1,59.30645161,1,39,62
우리카드,Diners Club POINT,300000,0,Diners Club,1,0,1,0,0,0,0,0,0,1,1,0,0,1,0,1,59.0,1,59,1
하나카드,1Q Living+,10000,30,VISA Mastercard JCB,1,0,1,0,0,1,1,1,0,1,0,0,0,0,0,0,58.0,1,41,17
하나카드,내맘대로 쁨 카드,12000,50,Mastercard,1,1,0,0,1,1,0,1,1,1,1,0,0,1,0,1,57.92857143,1,23,14
신한카드,신한카드 Air Platinum#,37000,0,VISA Mastercard,1,0,0,0,0,0,0,0,0,0,1,0,0,0,0,0,57.9,1,41,10
신한카드,신한카드 Deep Making,30000,40,VISA,1,1,1,1,1,1,1,1,0,1,1,0,1,0,0,0,57.89473684,1,37,19
NH농협카드,BAZIC(베이직)카드,8000,0,Mastercard JCB,0,0,0,0,0,0,0,0,0,0,0,0,0,0,0,1,57.875,1,52,8
KB국민카드,청춘대로카드,20000,30,Mastercard,1,0,1,0,0,0,0,1,0,1,0,0,1,0,1,0,57.77777778,1,51,9
씨티카드,씨티 메가마일 아시아나,10000,0,Mastercard,1,0,0,0,0,0,0,0,1,0,1,0,0,0,1,0,57.75,1,23,4
KB국민카드,FINETECH카드(대한항공),25000,0,Mastercard,1,0,1,0,0,0,0,0,0,0,1,0,0,0,1,0,57.70175439,1,35,57
SC제일은행,시그마카드,200000,0,BC BC Global Mastercard,1,0,0,0,1,0,1,0,0,0,1,0,0,0,0,1,57.38461538,1,35,13
하나카드,Mile 1.8 대한항공,130000,0,AMEX,1,0,1,0,0,0,0,0,0,0,0,0,0,0,1,0,57.30769231,1,41,13
KB국민카드,Liiv M 카드,20000,50,Mastercard,0,0,0,0,0,0,1,0,0,0,0,0,0,0,0,0,57.0,1,57,1
현대카드,the Purple Edition2,800000,0,VISA Mastercard,1,0,0,0,0,0,0,0,1,0,1,0,0,0,0,0,56.88,1,38,25
현대카드,현대카드ZERO MOBILE(포인트형),5000,0,VISA UnionPay,1,0,0,0,0,0,0,1,0,1,0,0,0,0,0,1,56.82352941,1,31,17
삼성카드,American Express Blue,15000,30,AMEX,1,1,1,1,0,0,1,0,1,1,0,1,0,0,0,0,56.64285714,1,28,42
우리카드,카드의정석 NEW우리V카드,5000,30,VISA BC BC Global Mastercard UnionPay,0,1,1,0,0,0,1,0,1,1,1,0,0,0,1,0,56.34545455,1,14,55
우리카드,ALL 우리카드 Infinite,500000,0,VISA,1,0,1,0,0,0,1,0,0,1,1,0,0,1,0,0,56.0,1,26,3
하나카드,하나 CLUB H 아메리칸 익스프레스 리저브 카드,150000,50,AMEX,1,0,0,0,0,0,0,0,0,0,1,0,0,0,0,0,55.85714286,1,46,14
삼성카드,삼성카드 BIZ LEADERS,20000,0,Mastercard,0,0,0,0,0,0,1,1,0,1,0,0,0,0,0,1,55.83333333,1,47,6
삼성카드,삼성 iD NOMAD 카드,49000,50,Mastercard,1,0,0,0,0,0,0,0,0,0,0,0,0,0,1,1,55.57142857,1,27,7
하나카드,Smart Any 카드(스마트애니),5000,0,VISA Mastercard UnionPay,0,0,0,0,0,0,0,0,0,0,0,0,0,0,0,1,55.50980392,1,18,51
IBK기업은행,IBK 무직타이거 카드(신용),12000,50,BC Mastercard,0,1,1,0,0,0,0,1,0,1,0,0,1,0,1,0,54.94117647,1,20,17
KB국민카드,톡톡M 카드,12000,30,Mastercard AMEX,0,1,0,1,0,0,0,1,0,1,0,1,0,0,0,0,54.42857143,1,21,14
하나카드,트래블로그 신용카드,20000,0,Mastercard,1,0,0,0,0,0,0,1,0,0,1,0,0,0,0,1,54.33333333,1,10,9
삼성카드,삼성 iD SIMPLE 카드,7000,0,Mastercard UnionPay,0,0,0,0,0,0,0,1,0,0,0,0,0,0,1,1,53.26315789,1,42,19
신한카드,알뜰교통카드,12000,30,Mastercard UnionPay,0,1,1,0,1,0,1,0,0,1,0,0,0,0,0,0,53.05882353,1,20,17
KB국민카드,BeV V카드(스카이패스형),300000,50,Mastercard,1,0,0,0,0,0,0,0,0,0,1,0,0,1,0,0,52.67857143,1,25,28
KB국민카드,American Express Rose Gold KB Kookmin Card,190000,30,AMEX,0,1,1,0,0,0,0,1,0,0,1,0,0,0,0,0,52.66666667,1,39,3
KB국민카드,굿데이올림카드,20000,30,VISA Mastercard AMEX,0,1,1,1,1,1,1,0,0,1,0,0,0,0,0,0,52.66666667,1,10,60
신한카드,신한카드 The BEST-F,202000,0,VISA,1,1,1,0,0,0,0,0,1,0,1,0,0,0,0,0,52.25862069,1,27,58
씨티카드,씨티 리워드,10000,30,Mastercard,1,0,0,0,0,0,0,0,0,0,0,0,0,0,1,1,52.12121212,1,15,33
하나카드,하나 스카이패스 아멕스 플래티늄 카드,45000,0,AMEX,1,0,0,0,0,0,0,0,0,0,1,0,0,0,0,0,52.0,1,24,3
롯데카드,디지로카 Paris,20000,0,Mastercard AMEX,0,0,0,0,0,0,0,1,0,0,0,0,0,0,0,0,52.0,1,38,2
BC 바로카드,GOAT BC 바로카드,12000,0,VISA Mastercard,1,0,0,0,0,0,0,0,0,0,0,0,0,0,0,1,52.0,1,52,1
삼성카드,네이버페이 taptap,15000,30,Mastercard,1,1,1,1,0,0,0,1,0,0,0,0,0,0,0,1,50.78,1,20,50
신한카드,신한카드 B.Big(삑),10000,30,VISA UnionPay,0,1,1,0,0,0,1,0,1,1,0,0,0,0,1,0,50.72131148,1,12,61
우리카드,우리 K-패스(신용),15000,30,BC Mastercard,1,0,0,0,0,0,0,0,0,1,0,0,0,0,0,0,50.4893617,1,21,47
롯데카드,LOCA CLASSIC,20000,150,Mastercard,0,0,0,0,0,0,0,0,0,0,0,0,0,0,0,1,50.14285714,1,1,21
우리카드,D4@카드의정석,10000,30,BC Mastercard,0,1,1,0,0,0,0,0,0,1,0,0,0,0,1,0,50.08333333,1,10,48
현대카드,the Green Edition2,150000,50,VISA,1,0,0,0,0,0,0,0,0,0,1,0,0,0,0,0,50.03571429,1,21,28
신한카드,신한카드 Eats More(이츠모아),18000,40,VISA,1,0,0,1,0,0,0,0,0,0,0,0,0,0,0,1,49.88888889,1,27,9
씨티카드,씨티 프리미어마일 대한항공,120000,0,Mastercard,1,0,0,0,0,0,0,0,0,0,1,0,0,0,0,0,49.57142857,1,23,14
NH농협카드,올바른 NEW HAVE카드,12000,0,Mastercard,1,1,0,0,0,0,0,0,0,0,1,0,0,0,0,1,48.42857143,1,32,42
우리카드,카드의정석 WOWRI,12000,30,VISA BC Mastercard,1,0,0,0,0,0,0,1,0,0,0,0,0,0,0,0,48.30769231,1,18,13
롯데카드,I’m ACTIVE,15000,40,Mastercard AMEX,0,0,0,1,1,0,1,0,0,0,0,0,0,1,0,0,48.2,1,24,5
KB국민카드,톡톡O 카드,12000,30,Mastercard AMEX,0,1,0,0,0,0,0,1,0,1,0,1,0,0,0,0,48.0,1,23,14
IBK기업은행,마일앤조이카드(대한항공),30000,0,UnionPay,1,0,0,0,0,0,0,0,0,1,1,0,0,0,0,0,47.93442623,1,14,61
BC 바로카드,BC 바로 페이백 플러스,15000,40,VISA BC,0,0,0,1,0,0,1,1,0,1,0,1,0,0,0,1,47.81818182,1,17,11
씨티카드,씨티 NEW 프리미어마일 대한항공,150000,0,VISA,1,0,0,0,0,0,0,0,0,1,1,0,0,0,0,0,47.35,1,25,20
하나카드,모두의 쇼핑,15000,30,Mastercard,1,0,0,0,0,0,0,1,0,0,0,0,0,0,0,0,47.33333333,1,8,18
현대카드,the Red Edition5,300000,50,VISA,1,0,0,0,0,0,0,0,0,0,1,0,0,0,0,1,47.32142857,1,29,28
현대카드,현대카드Z ontact,10000,40,VISA,0,1,1,1,0,0,0,1,0,0,0,0,0,0,0,1,46.94444444,1,29,18
삼성카드,카카오뱅크 삼성카드,7000,0,VISA Mastercard,0,1,1,1,0,0,0,0,1,1,0,1,0,0,1,1,46.9,1,16,30
SC제일은행,플러스마일카드,49000,0,VISA Mastercard UnionPay,1,0,0,0,0,0,0,0,0,0,1,0,0,0,0,0,46.7826087,1,8,23
우리카드,카드의정석 EVERY 1 (망그러진곰 Edition),12000,0,Mastercard,0,0,0,0,0,0,0,0,0,0,0,0,0,0,0,1,45.75,1,35,4
하나카드,통커 카드,17000,50,VISA JCB,0,0,1,0,0,0,1,1,0,0,0,0,0,0,0,0,45.0,1,13,11
신한카드,신한카드 구독 좋아요,18000,40,VISA,0,0,0,1,0,0,0,0,0,0,0,1,0,0,0,1,44.6,1,34,5
현대카드,the Green,150000,50,VISA Mastercard,1,0,0,0,0,0,0,0,1,0,1,0,0,0,0,1,44.48571429,1,20,35
우리카드,ONLY 나만의카드,15000,30,BC Mastercard,0,0,1,0,0,0,0,0,0,0,0,0,0,0,0,0,43.94117647,1,19,17
현대카드,코스트코 리워드 현대카드,10000,0,VISA,1,1,0,0,0,0,0,0,0,1,0,0,0,0,1,1,43.16666667,1,16,6
KB국민카드,Easy on카드,20000,50,Mastercard UnionPay,0,1,1,1,0,0,1,0,1,1,1,1,0,0,0,0,43.14285714,1,19,7
신한카드,아시아나 신한카드 Air 1.5,45000,50,Mastercard,1,0,0,0,0,0,0,0,0,0,1,0,0,0,0,0,42.80645161,1,19,62
하나카드,Any PLUS 카드,15000,0,VISA Mastercard AMEX UnionPay JCB,0,0,0,0,0,0,0,0,0,0,0,0,0,0,0,1,42.63157895,1,2,38
우리카드,카드의정석 UNTACT AIR,15000,50,BC Mastercard,1,0,0,1,0,0,0,1,0,0,0,0,0,0,0,1,42.2,1,9,20
현대카드,현대카드Z work,10000,40,VISA,0,1,1,0,0,0,1,1,0,1,0,0,0,0,0,1,42.13043478,1,13,23
BC 바로카드,BC 바로 클리어 플러스,5000,15,BC Mastercard,0,1,0,1,0,0,1,1,0,1,0,1,1,0,0,1,41.52380952,1,19,21
우리카드,카드의정석 UniMile in JEJU,15000,30,BC UnionPay,1,0,0,0,0,0,0,0,0,1,1,0,0,0,0,0,41.5,1,21,2
IBK기업은행,BLISS.7 카드(마일리지),200000,0,VISA,1,0,0,0,0,0,0,0,0,0,1,0,0,0,0,0,41.30434783,1,22,23
신한카드,신한카드 Love,8000,20,VISA Mastercard AMEX UnionPay,1,0,1,0,0,0,0,1,0,1,0,0,0,1,1,0,40.14285714,1,31,7
삼성카드,taptap DIGITAL,10000,30,Mastercard,0,1,0,0,0,0,0,1,0,0,0,1,1,1,0,0,39.63333333,1,4,30
현대카드,대한항공카드 030,30000,0,Mastercard,1,0,0,0,0,0,0,0,0,0,0,0,0,0,0,1,38.83783784,1,21,37
IBK기업은행,일상의 기쁨카드(신용),10000,50,VISA UnionPay,0,1,1,0,0,0,0,1,0,1,0,0,1,0,1,0,38.8,1,22,50
NH농협카드,NH20 해봄카드,8000,30,Mastercard JCB,0,0,1,1,0,1,1,1,0,1,1,0,0,0,1,1,38.51428571,1,20,35
KB국민카드,톡톡 with카드,12000,40,VISA UnionPay,0,0,1,1,0,0,0,1,0,1,0,1,0,0,0,0,38.4375,1,11,16
현대카드,현대카드 X BOOST,30000,50,VISA,0,0,0,0,0,0,0,1,0,0,0,0,0,0,0,1,37.89285714,1,10,28
신한카드,메리어트 본보이™ 더 클래식 신한카드,147000,0,VISA,1,0,0,0,0,0,0,0,0,0,1,0,0,0,0,0,37.0,1,21,2
하나카드,원더카드 FREE,12000,0,Mastercard,0,1,1,0,0,0,0,1,0,1,0,0,0,0,0,1,36.9,1,9,10
BC 바로카드,始發(시발)카드,8000,0,VISA BC,0,1,0,1,0,0,0,0,0,0,0,0,0,0,0,0,35.23076923,1,4,26
우리카드,NU I&U,12000,30,BC Mastercard,0,0,1,0,0,0,0,0,0,1,0,0,0,0,0,1,35.0,1,9,4
우리카드,카드의정석 UniMile,20000,30,BC UnionPay,1,0,1,0,0,0,0,0,0,1,1,0,0,0,0,1,34.66666667,1,14,6
KB국민카드,굿데이카드,10000,30,VISA Mastercard AMEX UnionPay JCB,0,1,1,1,1,1,1,0,0,1,0,0,0,0,0,0,34.57142857,1,11,14
현대카드,현대카드ZERO Edition2(포인트형),10000,0,VISA,1,0,0,0,0,0,0,0,0,0,0,0,0,0,0,1,34.22222222,1,11,45
현대카드,American Express® Gold Card,300000,0,AMEX,1,0,1,0,0,0,0,0,0,1,1,0,0,0,0,0,33.90909091,1,23,22
BC 바로카드,BC 바로 에어 플러스 스카이패스,19000,0,BC Mastercard,1,0,0,0,0,0,0,0,0,0,1,0,0,0,0,1,33.2,1,10,10
하나카드,1Q Daily+,10000,30,VISA Mastercard JCB,1,0,1,0,0,0,1,1,0,1,0,0,0,0,0,1,32.70909091,1,5,55
우리카드,카드의정석 POINT,12000,30,VISA BC Mastercard,1,0,1,0,0,0,1,1,0,1,0,0,0,0,1,1,32.62903226,1,12,62
롯데카드,LOTTE ONers 롯데카드,5000,30,Mastercard,1,0,0,0,0,0,0,1,0,0,0,1,0,0,0,1,32.0,1,15,3
신한카드,신한카드 Hi-Point,8000,0,VISA Mastercard JCB,1,0,0,0,0,0,1,1,1,1,0,0,0,0,1,1,31.62903226,1,12,62
롯데카드,디지로카 London,20000,0,Mastercard AMEX,0,0,0,0,0,0,0,0,0,0,0,0,0,0,0,0,31.5,1,27,2
우리카드,NU Uniq,20000,40,BC Mastercard,1,1,1,1,0,0,0,1,0,1,0,1,0,0,0,1,30.26666667,1,4,15
현대카드,네이버 현대카드,10000,30,VISA,1,0,0,0,0,0,0,1,0,0,0,0,0,0,0,1,29.8,1,9,30
우리카드,카드의정석 위비온 플러스,15000,30,BC Mastercard,0,0,0,0,0,0,0,0,0,0,0,0,0,0,0,1,29.33333333,1,14,21
신한카드,신한카드 Deep Dream Platinum+,30000,0,VISA UnionPay,1,0,0,0,0,0,0,0,0,1,0,0,0,0,0,1,28.24590164,1,14,61
신한카드,신한카드 The More(더모아),18000,30,VISA,1,0,0,0,0,0,0,0,0,0,0,0,0,0,0,1,27.22222222,1,2,27
NH농협카드,NH올원 파이카드,12000,30,Mastercard JCB,0,1,1,1,0,0,1,1,0,1,0,0,0,0,0,0,27.03278689,1,6,61
롯데카드,롤라카드,15000,40,Mastercard,1,0,1,0,0,1,0,0,0,1,0,0,0,0,0,0,27.0,1,12,3
KB국민카드,Easy all 티타늄카드,30000,50,VISA UnionPay,0,0,0,0,0,0,0,1,0,1,0,0,0,0,0,0,25.6744186,1,15,43
삼성카드,THE iD. PLATINUM(포인트),220000,50,Mastercard,1,0,1,0,0,0,0,0,0,0,1,0,0,0,0,1,25.16666667,1,13,12
KB국민카드,청춘대로 톡톡카드,12000,30,Mastercard JCB,0,0,1,0,0,0,1,1,0,1,0,0,0,0,0,0,24.75806452,1,4,62
NH농협카드,zgm.고향으로카드,12000,0,Mastercard,1,0,0,0,0,0,0,0,0,1,0,0,0,0,0,1,24.4,1,9,5
KB국민카드,다담카드,20000,30,VISA Mastercard,1,0,0,0,0,1,1,0,1,1,0,0,0,0,1,1,24.13114754,1,2,61
KB국민카드,톡톡D 카드,12000,30,Mastercard AMEX,0,1,0,1,0,0,0,1,0,1,0,0,0,0,0,0,24.05555556,1,4,18
신한카드,신한카드 Deep Dream(모베러웍스),10000,0,VISA,1,0,0,0,0,0,0,0,0,1,0,0,0,0,0,1,23.95652174,1,13,23
현대카드,현대카드Z family,10000,40,VISA,0,1,0,1,0,0,0,1,0,1,0,0,0,0,0,1,23.14285714,1,2,35
롯데카드,LOCA LIKIT,10000,40,Mastercard,0,0,1,1,0,0,1,1,0,1,0,0,0,0,1,0,22.38461538,1,8,13
삼성카드,삼성 iD ON 카드,20000,30,Mastercard,0,0,1,1,0,0,1,1,0,1,0,1,0,0,0,0,22.33333333,1,5,27
하나카드,Mile1 하나카드,20000,0,UnionPay,1,0,0,0,0,0,0,0,0,0,1,0,0,0,0,0,22.28571429,1,11,7
우리카드,카드의정석 EVERY MILE SKYPASS,39000,0,Mastercard,1,0,0,0,0,0,0,0,0,0,1,0,0,0,0,0,21.85714286,1,14,7
신한카드,신한카드 Deep Oil,10000,30,Mastercard,0,1,1,0,0,0,0,0,0,1,0,0,0,0,1,0,21.38709677,1,11,62
씨티카드,NEW 씨티 클리어,5000,15,Mastercard,0,0,0,1,0,1,1,0,1,1,1,0,0,0,1,0,21.18421053,1,4,38
우리카드,트래블월렛 우리카드,20000,0,VISA,1,0,0,0,0,0,0,0,0,0,0,0,0,0,0,0,18.83333333,1,8,6
현대카드,현대카드ZERO(포인트형),5000,0,VISA UnionPay,1,0,0,0,0,0,0,0,1,1,0,0,0,0,0,1,18.4,1,10,10
현대카드,현대카드 M BOOST,30000,50,VISA,1,0,0,0,0,0,0,1,0,0,0,0,0,0,0,1,18.24324324,1,8,37
현대카드,현대카드ZERO(할인형),5000,0,VISA UnionPay,0,0,0,0,0,0,0,0,0,0,0,0,0,0,0,1,16.67857143,1,2,28
롯데카드,LOCA 365 카드,20000,50,Mastercard AMEX,0,1,0,1,0,1,1,1,0,1,0,1,0,0,0,1,13.91304348,1,1,23
우리카드,카드의정석 EVERY 1,12000,0,Mastercard,0,0,0,0,0,0,0,0,0,0,0,0,0,0,0,1,12.625,1,6,8
롯데카드,LOCA LIKIT 1.2,10000,0,Mastercard AMEX,0,0,0,0,0,0,0,0,0,0,0,0,0,0,0,1,11.53571429,1,2,28
삼성카드,삼성카드 & MILEAGE PLATINUM (스카이패스),49000,0,AMEX,1,1,1,0,0,0,0,0,1,1,1,0,0,0,0,1,11.06451613,1,3,62
NH농협카드,올바른 FLEX 카드,12000,30,VISA,0,0,1,1,0,0,1,1,0,1,1,1,0,0,1,0,9.756097561,1,1,41
현대카드,현대카드ZERO Edition2(할인형),10000,0,VISA,0,0,0,0,0,0,0,0,0,0,0,0,0,0,0,1,8.2,1,1,45
삼성카드,삼성카드 taptap O,10000,30,Mastercard,0,0,1,0,0,0,1,0,0,1,0,0,0,0,1,0,5.693548387,1,1,62
우리카드,DA@카드의정석,10000,0,BC Mastercard,0,1,1,1,1,1,1,0,0,1,1,0,1,0,1,1,5.64516129,1,1,62
신한카드,신한카드 Deep Dream,8000,0,VISA UnionPay,1,0,0,0,0,0,0,0,0,1,0,0,0,0,0,1,5.112903226,1,1,62
신한카드,신한카드 Mr.Life,15000,30,VISA,0,1,0,0,1,0,1,1,0,1,0,0,0,0,0,0,4.951612903,1,1,62
KB국민카드,KB국민 My WE:SH 카드,15000,40,Mastercard AMEX,0,1,1,1,0,1,1,0,0,1,0,1,1,1,1,0,1.0,1,1,12
우리카드,TWO CHAIRS,2500000,0,VISA,1,0,0,0,0,0,0,0,0,0,1,0,0,0,0,0,0.0,0,0,0
KB국민카드,HERITAGE Exclusive,2000000,0,VISA,1,0,0,0,0,0,0,0,0,0,0,0,0,0,0,1,0.0,0,0,0
하나카드,CLUB1카드 200,2000000,0,,1,0,0,0,0,0,1,0,0,1,1,0,0,1,0,0,0.0,0,0,0
삼성카드,RAUME O (스카이패스),2000000,0,Mastercard,1,0,0,0,0,0,0,0,1,0,1,0,0,1,0,0,0.0,0,0,0
삼성카드,RAUME O,2000000,0,Mastercard,1,0,0,0,0,0,0,0,1,0,1,0,0,1,0,0,0.0,0,0,0
삼성카드,RAUME O (아시아나),2000000,0,Mastercard,1,0,0,0,0,0,0,0,1,0,1,0,0,1,0,0,0.0,0,0,0
신한카드,신한카드 The PREMIER GOLD EDITION (스카이패스),1900000,0,VISA UnionPay,1,0,0,0,1,0,0,0,0,0,1,0,0,1,0,0,0.0,0,0,0
신한카드,신한카드 The PREMIER GOLD EDITION (아시아나클럽),1900000,0,VISA UnionPay,1,0,0,0,1,0,0,0,0,0,1,0,0,1,0,0,0.0,0,0,0
KB국민카드,BeV Ⅸ 토탈마일 카드,1000000,0,VISA,1,0,0,0,0,0,0,0,0,0,1,0,0,0,1,0,0.0,0,0,0
현대카드,American Express The Platinum Card®Edition2,1000000,50,AMEX,1,0,0,0,0,0,0,0,0,0,1,0,1,0,0,0,0.0,0,0,0
우리카드,로얄블루1000카드 [SKYPASS],1000000,0,VISA,1,0,0,0,0,0,0,0,0,0,1,0,0,0,0,0,0.0,0,0,0
KB국민카드,HERITAGE Reserve(스카이패스형),800000,0,AMEX,1,0,0,0,0,0,0,0,0,0,1,0,0,0,0,0,0.0,0,0,0
KB국민카드,HERITAGE Reserve(포인트형),800000,0,AMEX,1,0,0,0,0,0,0,0,0,0,0,0,0,0,0,0,0.0,0,0,0
롯데카드,L.CLASS L60 (스카이패스형),600000,0,Mastercard,1,0,0,0,0,0,0,0,1,0,1,0,0,1,0,1,0.0,0,0,0
롯데카드,L.CLASS L60 (L.POINT형),600000,0,Mastercard,1,0,0,0,0,0,0,0,1,0,1,0,0,1,0,1,0.0,0,0,0
롯데카드,L.CLASS L60 (아시아나클럽형),600000,0,Mastercard,1,0,0,0,0,0,0,0,1,0,1,0,0,1,0,1,0.0,0,0,0
NH농협카드,위 테라카드(스카이패스),530000,50,VISA,1,0,1,0,0,0,0,0,0,0,1,0,0,0,0,0,0.0,0,0,0
NH농협카드,위 테라카드(아시아나클럽),530000,50,VISA,1,0,1,0,0,0,0,0,0,0,1,0,0,0,0,0,0.0,0,0,0
NH농협카드,위 테라카드(포인트),500000,50,VISA UnionPay,1,0,1,0,0,0,0,0,0,0,1,0,0,0,0,1,0.0,0,0,0
현대카드,the Red Stripe,500000,50,VISA,1,0,0,0,0,0,0,0,0,0,1,0,0,0,0,0,0.0,0,0,0
현대카드,미래에셋 현대카드 Diamond,500000,50,VISA,1,0,0,0,0,0,0,0,1,0,1,0,0,1,0,0,0.0,0,0,0
NH농협카드,위 레아카드(스카이패스),330000,50,Mastercard,1,0,0,0,0,0,0,0,0,0,1,0,0,0,0,1,0.0,0,0,0
NH농협카드,위 레아카드(아시아나클럽),330000,50,Mastercard,1,0,0,0,0,0,0,0,0,0,1,0,0,0,0,1,0.0,0,0,0
NH농협카드,위 레아카드(포인트),300000,50,Mastercard UnionPay,1,0,0,0,0,0,0,0,0,0,1,0,0,0,0,1,0.0,0,0,0
현대카드,American Express® Gold Card Edition2,300000,50,AMEX,1,0,0,0,0,0,0,0,0,0,1,0,1,0,0,0,0.0,0,0,0
롯데카드,LOCA Professional,300000,0,Mastercard,0,0,0,0,0,0,0,0,0,0,0,0,0,0,0,1,0.0,0,0,0
신한카드,싱가포르항공 크리스플라이어 더 베스트 신한카드,250000,0,Mastercard,1,0,0,0,0,0,0,0,0,0,1,0,0,0,0,1,0.0,0,0,0
IBK기업은행,CEO카드,220000,70,Mastercard,1,1,1,0,0,0,0,1,0,0,1,0,0,1,0,0,0.0,0,0,0
IBK기업은행,K-22(Point),220000,50,BC Mastercard,1,0,0,0,0,0,0,0,0,0,1,0,0,0,0,0,0.0,0,0,0
하나카드,CLUB Premier (Hotel형),210000,0,VISA JCB,1,0,1,0,0,0,0,0,0,1,1,0,0,0,0,0,0.0,0,0,0
하나카드,CLUB Premier (Travel 형),210000,0,VISA JCB,1,0,0,0,0,0,0,0,0,0,1,0,0,0,0,0,0.0,0,0,0
KB국민카드,HERITAGE Smart [대한항공 마일리지형],200000,50,Mastercard,1,0,0,0,0,0,0,0,0,0,1,0,0,0,0,1,0.0,0,0,0
KB국민카드,HERITAGE Smart [할인형],200000,50,Mastercard,0,0,0,0,0,0,0,0,0,0,0,0,0,0,0,1,0.0,0,0,0
KB국민카드,American Express Blue KB Kookmin Card,190000,30,AMEX,0,1,0,0,0,0,1,1,0,1,0,1,0,0,1,1,0.0,0,0,0
현대카드,American Express® Green Card Edition2,150000,50,AMEX,1,0,0,0,0,0,0,0,0,0,1,0,1,0,0,0,0.0,0,0,0
현대카드,넥슨 현대카드UNLIMITED,150000,0,Mastercard,1,0,0,0,0,0,0,0,0,0,0,0,0,0,0,1,0.0,0,0,0
현대카드,미래에셋 현대카드 Gold,150000,50,VISA,1,0,0,0,0,0,0,0,1,0,1,0,0,1,0,0,0.0,0,0,0
현대카드,현대카드 MX Black,150000,50,VISA Mastercard,1,0,0,1,0,0,0,1,0,1,0,0,0,0,0,1,0.0,0,0,0
우리카드,"카드의정석 Dear, Shopper(디어쇼퍼)",150000,50,Mastercard,1,0,0,0,0,0,0,0,1,0,1,0,0,0,0,1,0.0,0,0,0
우리카드,ALL 우리카드 Premium,150000,0,VISA,1,0,0,0,0,0,1,0,0,1,1,0,0,0,0,0,0.0,0,0,0
우리카드,"카드의정석 Dear, Traveler(디어트래블러)",150000,50,Mastercard,1,0,0,0,0,0,0,0,0,1,1,0,0,0,0,1,0.0,0,0,0
하나카드,CLUB Signature SKYPASS 카드,145000,0,VISA UnionPay,1,0,0,0,0,0,0,0,0,0,1,0,0,0,0,0,0.0,0,0,0
하나카드,CLUB Signature Asiana Club 카드,145000,0,VISA UnionPay,1,0,0,0,0,0,0,0,0,0,1,0,0,0,0,0,0.0,0,0,0
우리카드,카드의정석 PREMIUM MILEAGE(AsianaClub),135000,50,BC Mastercard,1,0,0,0,0,0,0,0,0,1,1,0,0,0,0,0,0.0,0,0,0
NH농협카드,ON PLATINUM카드(아시아나클럽),130000,0,VISA,1,0,0,0,0,0,0,0,0,1,1,0,0,0,0,0,0.0,0,0,0
NH농협카드,ON PLATINUM카드(스카이패스),130000,0,Mastercard,1,0,0,0,0,0,0,0,0,1,1,0,0,0,0,0,0.0,0,0,0
하나카드,Mile 1.8 아시아나,130000,0,AMEX,1,0,1,0,0,0,0,0,0,0,0,0,0,0,1,0,0.0,0,0,0
롯데카드,디지로카 Monaco,125000,0,Mastercard,0,0,0,1,0,0,1,1,0,0,0,1,0,0,0,0,0.0,0,0,0
NH농협카드,ON PLATINUM카드(포인트),120000,0,VISA JCB,1,0,0,0,0,0,0,0,0,1,1,0,0,0,0,1,0.0,0,0,0
전북은행,1st 플래티늄+ 카드,120000,50,,1,0,0,0,0,0,0,0,0,0,0,0,0,1,1,1,0.0,0,0,0
씨티카드,씨티 프리미어마일 아시아나,120000,0,Mastercard,1,0,0,0,0,0,0,0,0,0,1,0,0,0,0,0,0.0,0,0,0
신협,신협-신한카드 The CLASSIC+,120000,30,AMEX,1,0,1,0,0,0,0,0,0,1,1,0,0,0,0,1,0.0,0,0,0
롯데카드,아시아나클럽 롯데 플래티넘 카드,120000,0,VISA Mastercard,1,0,0,0,0,0,0,0,0,0,1,0,0,0,0,0,0.0,0,0,0
SSGPAY. CARD,신세계면세점 SSG카드,110000,0,Mastercard,1,0,0,0,0,0,0,0,0,0,1,0,0,0,0,1,0.0,0,0,0
NH농협카드,올바른SAFE Platinum카드,100000,0,Mastercard,1,0,0,0,0,0,1,0,1,0,0,0,0,0,0,1,0.0,0,0,0
KB국민카드,레고랜드매니아카드,100000,40,Mastercard,1,1,0,1,0,0,0,0,1,0,0,1,0,0,0,1,0.0,0,0,0
하나카드,CLUB Primus Skypass 카드,100000,0,VISA Mastercard,1,0,0,0,0,0,0,0,1,1,0,0,0,1,0,0,0.0,0,0,0
하나카드,CLUB Primus Asiana Club 카드,100000,0,VISA Mastercard,1,0,0,0,0,0,0,0,1,1,0,0,0,1,0,0,0.0,0,0,0
하나카드,CLUB Primus Point 카드,100000,0,VISA Mastercard,1,0,0,0,0,0,0,0,1,1,0,0,0,1,0,1,0.0,0,0,0
신한카드,신한카드 The CLASSIC-L,100000,0,Mastercard,1,0,1,0,0,0,0,0,0,1,1,0,0,0,1,0,0.0,0,0,0
신한카드,신한카드 The LADY CLASSIC,100000,30,VISA UnionPay,0,0,0,0,0,0,0,0,1,1,0,0,0,0,1,0,0.0,0,0,0
롯데카드,Flex카드 몽블랑 에디션,100000,50,Mastercard,1,0,1,0,0,0,0,0,0,0,0,1,0,0,0,1,0.0,0,0,0
롯데카드,LOCA PLATINUM 할인형,100000,150,Mastercard,0,0,0,0,0,0,0,0,0,0,1,0,0,0,0,1,0.0,0,0,0
롯데카드,LOCA PLATINUM 마일리지형,100000,0,Mastercard,1,0,0,0,0,0,0,0,0,0,1,0,0,0,0,0,0.0,0,0,0
IBK기업은행,BLISS.5 카드(포인트),95000,30,VISA BC Global,1,0,1,0,0,0,0,0,0,1,1,0,0,0,1,0,0.0,0,0,0
현대카드,현대카드 X3 BOOST,90000,50,VISA,0,0,0,0,0,0,0,1,0,0,0,0,0,0,0,1,0.0,0,0,0
현대카드,현대카드 MM,70000,50,VISA AMEX,1,0,0,1,0,0,0,1,0,0,1,0,0,0,0,1,0.0,0,0,0
현대카드,대한항공카드 070,70000,0,Mastercard,1,0,1,0,0,0,0,0,0,0,1,0,0,0,0,1,0.0,0,0,0
현대카드,Hyundai Mobility(모빌리티) Platinum,70000,50,,1,0,0,0,0,0,0,0,0,1,0,0,0,0,0,1,0.0,0,0,0
NH농협카드,zgm.play++카드,65000,0,VISA,0,1,1,0,0,1,0,0,1,0,1,0,1,0,1,0,0.0,0,0,0
현대카드,현대카드 M2 BOOST,60000,50,VISA,1,0,0,0,0,0,0,1,0,0,0,0,0,0,0,1,0.0,0,0,0
현대카드,현대카드 X2 BOOST,60000,50,VISA,0,0,0,0,0,0,0,1,0,0,0,0,0,0,0,1,0.0,0,0,0
롯데카드,아멕스 플래티넘 아시아나클럽 롯데카드,55000,50,AMEX,1,0,0,0,0,0,0,0,0,0,1,0,0,0,0,0,0.0,0,0,0
NH농협카드,SolSol++(쏠쏠투플러스)카드,50000,30,Mastercard UnionPay,0,1,1,0,0,0,0,0,0,0,1,0,0,0,0,0,0.0,0,0,0
NH농협카드,zgm living카드,50000,50,VISA Mastercard UnionPay,1,0,0,0,0,0,1,0,0,1,0,0,0,0,0,0,0.0,0,0,0
NH농협카드,zgm shopping카드,50000,50,VISA Mastercard UnionPay,1,0,0,0,0,0,0,1,0,0,0,0,0,0,0,0,0.0,0,0,0
현대카드,현대카드 X,50000,50,VISA AMEX,1,0,0,0,0,0,0,0,0,0,0,0,0,0,0,1,0.0,0,0,0
현대카드,SmileCard the Club,50000,0,VISA,1,0,0,0,0,0,0,0,0,0,0,0,0,0,0,1,0.0,0,0,0
우리카드,NU Blanc,50000,0,BC Mastercard,1,0,0,0,0,0,0,0,0,1,1,0,0,1,0,1,0.0,0,0,0
신협,신협-신한카드 Love Platinum#,50000,0,Mastercard,1,0,1,0,0,0,0,1,0,1,0,0,0,1,1,0,0.0,0,0,0
신한카드,신한카드 Love Platinum#,50000,0,Mastercard,1,0,1,0,0,0,0,1,0,1,0,0,0,1,1,0,0.0,0,0,0
롯데카드,I’m YOLO 플래티넘,50000,50,Mastercard,1,1,1,0,0,0,0,0,0,1,1,0,0,0,0,1,0.0,0,0,0
롯데카드,샤롯데 비앤 롯데카드,50000,0,Mastercard,0,1,0,1,1,1,0,0,1,0,1,0,0,0,0,0,0.0,0,0,0
우리카드,Hole In:WON(홀인원) 카드,49000,50,BC Mastercard,1,0,1,0,0,0,0,0,0,1,1,0,0,1,0,0,0.0,0,0,0
신협,신협-신한카드 Air One,49000,50,AMEX,1,0,0,0,0,0,0,0,0,0,0,0,0,0,0,0,0.0,0,0,0
신한카드,신한카드 Air One,49000,50,AMEX,1,0,0,0,0,0,0,0,0,0,0,0,0,0,0,0,0.0,0,0,0
삼성카드,삼성카드 애니패스+,49000,50,Mastercard UnionPay,0,1,1,1,0,0,0,0,0,1,0,0,0,0,1,1,0.0,0,0,0
삼성카드,삼성카드 지엔미+,49000,50,Mastercard UnionPay,0,0,1,0,1,1,1,0,0,0,0,0,0,0,1,1,0.0,0,0,0
삼성카드,삼성 iD AUTO 카드,49000,0,VISA,0,1,1,1,0,0,0,1,0,1,0,0,0,0,1,1,0.0,0,0,0
삼성카드,카라이프 삼성카드 DISCOUNT+,49000,50,Mastercard,0,1,1,0,0,0,1,0,0,1,0,0,0,0,1,1,0.0,0,0,0
삼성카드,신세계 THE S VIP,49000,50,Mastercard UnionPay,0,0,1,0,1,1,1,0,1,0,0,0,0,1,1,1,0.0,0,0,0
신한카드,신세계 The BLOSSOM 신한카드,48000,50,Mastercard,1,0,1,1,0,1,0,0,1,0,0,0,0,0,0,0,0.0,0,0,0
광주은행,여행스케치 아시아나클럽 플래티늄카드,48000,0,Mastercard,1,0,0,0,0,0,0,0,0,0,1,0,0,0,0,0,0.0,0,0,0
KB국민카드,스카이패스 티타늄 카드,45000,0,Mastercard,1,0,0,0,0,0,0,0,0,0,1,0,0,0,0,1,0.0,0,0,0
삼성카드,신세계 더 마일리지 삼성카드 (스카이패스),45000,50,Mastercard,1,0,0,0,0,0,0,0,1,0,0,0,0,0,0,1,0.0,0,0,0
롯데카드,아시아나 듀얼마일리지 롯데카드,45000,0,AMEX,1,0,0,0,0,0,0,0,0,0,1,0,0,0,0,0,0.0,0,0,0
IBK기업은행,I-Mileage (대한항공),42000,0,BC Mastercard,1,0,1,0,0,0,0,0,0,0,1,0,0,0,0,1,0.0,0,0,0
IBK기업은행,I-Mileage (아시아나),42000,0,BC Mastercard,1,0,1,0,0,0,0,0,0,0,1,0,0,0,0,1,0.0,0,0,0
우리카드,카드의정석 MILEAGE SKYPASS,39000,50,VISA BC Mastercard,1,0,0,0,0,0,0,0,0,0,1,0,0,0,0,1,0.0,0,0,0
우리카드,카드의정석 MILEAGE Asiana Club,39000,50,VISA BC Mastercard,1,0,0,0,0,0,0,0,0,0,1,0,0,0,0,1,0.0,0,0,0
KB국민카드,에듀카드,35000,100,Mastercard,0,0,0,0,1,1,0,0,0,0,0,0,0,0,0,0,0.0,0,0,0
KB국민카드,Easy fly 티타늄카드,35000,50,Mastercard UnionPay,0,0,0,0,0,0,0,0,0,0,1,0,0,0,0,1,0.0,0,0,0
KB국민카드,Easy study 티타늄카드,35000,50,Mastercard,0,1,0,0,0,1,1,0,0,0,0,0,0,1,0,0,0.0,0,0,0
하나카드,신세계 the Mile 하나카드,35000,0,VISA,1,0,0,0,0,0,0,0,1,0,1,0,0,0,0,1,0.0,0,0,0
신한카드,위버스 신한카드(ENHYPEN),35000,30,AMEX,1,0,0,0,0,0,0,0,0,1,0,0,0,0,0,0,0.0,0,0,0
신한카드,위버스 신한카드(SEVENTEEN),35000,30,AMEX,1,0,0,0,0,0,0,0,0,1,0,0,0,0,0,0,0.0,0,0,0
신한카드,위버스 신한카드(TXT),35000,30,AMEX,1,0,0,0,0,0,0,0,0,1,0,0,0,0,0,0,0.0,0,0,0
롯데카드,I’m WONDERFUL platinum,35000,30,Mastercard,0,0,0,0,0,0,0,0,0,0,1,0,0,0,0,1,0.0,0,0,0
전북은행,1st TRIPLE Platinum 카드,33000,0,,1,0,1,0,0,0,0,0,0,1,0,0,0,0,0,0,0.0,0,0,0
신한카드,신한카드 혼디모앙,33000,0,VISA,1,1,1,0,0,0,1,1,0,1,0,0,0,1,0,1,0.0,0,0,0
신한카드,대성학원 신한카드,33000,30,VISA,0,0,0,0,0,1,0,0,0,1,0,0,0,0,0,0,0.0,0,0,0
신협,신협-신한카드 RPM+Platinum#,32000,50,VISA UnionPay,1,0,0,0,0,0,0,0,0,1,0,0,0,0,0,1,0.0,0,0,0
KB국민카드,Easy pick 티타늄 카드,30000,50,Mastercard,1,1,0,1,0,1,1,0,1,1,0,0,0,1,0,0,0.0,0,0,0
KB국민카드,Easy auto 티타늄카드,30000,50,Mastercard JCB,1,1,0,0,0,0,1,0,0,1,0,0,1,0,1,1,0.0,0,0,0
KB국민카드,KB국민 펫코노미 카드,30000,30,Mastercard,0,1,0,0,0,0,1,0,0,0,0,0,0,0,0,0,0.0,0,0,0
KB국민카드,Easy shopping 티타늄카드,30000,50,Mastercard JCB,1,1,0,1,0,0,0,1,0,0,0,0,0,0,0,0,0.0,0,0,0
KB국민카드,KB차차차 신용카드,30000,40,Mastercard,0,0,0,0,0,0,0,0,0,1,0,0,0,0,0,0,0.0,0,0,0
KB국민카드,톡톡 구독카드,30000,40,Mastercard UnionPay,0,0,0,0,0,0,0,0,0,0,0,1,0,0,0,0,0.0,0,0,0
KB국민카드,EVO 티타늄카드,30000,50,Mastercard UnionPay,1,0,0,0,0,0,0,1,0,0,0,0,0,0,0,0,0.0,0,0,0
KB국민카드,KB Pay 챌린지+카드,30000,0,Mastercard UnionPay,1,0,0,0,0,0,0,0,0,0,0,0,0,0,0,0,0.0,0,0,0
KB국민카드,마이핏카드(적립형),30000,50,Mastercard,1,1,0,1,0,0,0,1,1,1,0,0,0,0,0,0,0.0,0,0,0
KB국민카드,아시아나 올림카드,30000,0,Mastercard,1,0,0,0,0,0,0,0,0,0,0,0,0,0,0,1,0.0,0,0,0
현대카드,Hyundai Mobilty카드(상용차),30000,30,VISA Mastercard AMEX,1,0,0,0,0,0,0,0,0,1,0,0,0,0,0,1,0.0,0,0,0
현대카드,현대카드 M,30000,50,VISA AMEX,1,0,0,1,0,0,0,1,0,0,0,0,0,0,0,1,0.0,0,0,0
현대카드,현대카드 MY BUSINESS ZERO Online Seller,30000,0,VISA Mastercard,0,0,0,0,0,0,0,1,0,0,0,0,0,0,0,1,0.0,0,0,0
현대카드,현대카드 MY BUSINESS ZERO Retail&Service,30000,0,VISA Mastercard,0,0,0,0,0,0,1,0,0,0,0,0,0,0,0,1,0.0,0,0,0
현대카드,Hyundai Mobility(모빌리티) 카드,30000,50,VISA Mastercard,1,0,0,0,0,0,0,0,0,1,0,0,0,0,0,1,0.0,0,0,0
현대카드,에너지플러스카드 Edition3,30000,50,VISA,1,0,0,0,0,0,0,0,0,1,0,0,0,0,0,1,0.0,0,0,0
현대카드,미래에셋 현대카드 Silver,30000,50,VISA,1,0,0,0,0,0,0,0,0,0,0,0,0,0,0,0,0.0,0,0,0
현대카드,Kia Members 신용카드 Edition2,30000,0,VISA Mastercard,1,0,0,1,0,0,0,0,1,1,0,0,0,0,1,1,0.0,0,0,0
현대카드,캐롯손해보험-현대카드M Edition3,30000,50,VISA BC Mastercard,1,0,0,0,0,0,1,0,0,0,0,0,0,0,0,0,0.0,0,0,0
현대카드,Kia Members 전기차 신용카드,30000,50,VISA Mastercard,1,0,0,1,0,0,0,0,1,1,0,0,0,0,1,1,0.0,0,0,0
전북은행,1st 플래티늄 카드,30000,10,,1,0,0,0,0,0,0,0,0,0,0,0,0,1,1,1,0.0,0,0,0
신한카드,신한카드 MY CAR,30000,40,Mastercard,0,0,1,0,0,0,0,0,0,1,0,0,0,0,0,0,0.0,0,0,0
신한카드,신한카드 Deep Once Plus,30000,40,Mastercard,1,1,1,0,0,0,0,0,0,0,0,1,0,0,0,0,0.0,0,0,0
삼성카드,삼성 BIZ iD BENEFIT카드,30000,30,Mastercard UnionPay,0,0,0,0,0,0,1,1,0,1,0,0,0,0,0,1,0.0,0,0,0
우리카드,카드의정석 APT Platinum,29000,40,BC Mastercard,0,0,0,0,0,1,1,0,0,0,1,1,0,0,0,0,0.0,0,0,0
BC 바로카드,kt SUPER 카드,27000,30,VISA BC,0,0,0,0,0,0,1,0,0,1,0,0,0,0,0,0,0.0,0,0,0
신한카드,신한카드 Simple Platinum#,27000,0,VISA UnionPay,0,0,0,0,0,0,0,0,0,0,0,0,0,0,1,1,0.0,0,0,0
신한카드,신한카드 Lesson Platinum#,27000,30,AMEX,0,0,0,0,0,1,0,0,0,0,0,0,0,0,0,1,0.0,0,0,0
신한카드,요기요 신한카드,27000,50,Mastercard,0,0,1,1,0,0,0,1,0,0,0,1,0,0,0,0,0.0,0,0,0
NH농협카드,올바른 Edu 카드,25000,40,VISA,0,0,0,0,0,1,0,0,0,0,0,0,0,0,0,0,0.0,0,0,0
NH농협카드,LCC UniMile카드,25000,30,UnionPay,1,0,0,0,0,0,0,0,0,0,1,0,0,0,0,1,0.0,0,0,0
NH농협카드,펫블리(PETvely) 카드,25000,30,Mastercard UnionPay,1,0,1,0,1,0,1,0,0,0,0,0,0,0,0,0,0.0,0,0,0
NH농협카드,zgm.일본여행중 카드,25000,0,JCB,1,1,0,0,0,0,0,0,0,0,1,0,0,0,0,0,0.0,0,0,0
NH농협카드,ME+(미플러스)카드,25000,30,Mastercard,0,0,1,1,0,0,0,1,0,1,0,0,0,0,1,0,0.0,0,0,0
NH농협카드,올바른 NEW HAVE+카드,25000,0,Mastercard,1,1,0,0,0,0,0,0,0,0,0,0,0,0,0,1,0.0,0,0,0
NH농협카드,SOHO 다사로이+카드,25000,0,Mastercard,0,0,1,0,0,0,1,0,0,0,0,1,0,0,0,1,0.0,0,0,0
NH농협카드,NH올원+(플러스)카드,25000,0,Mastercard,1,0,0,0,0,0,0,0,0,0,0,0,0,0,0,1,0.0,0,0,0
NH농협카드,zgm.rounding카드,25000,30,Mastercard,0,0,1,0,0,0,0,0,0,0,1,0,0,1,0,0,0.0,0,0,0
NH농협카드,#ing+(샵핑플러스)카드,25000,30,Mastercard,0,0,1,0,0,0,0,1,0,0,0,0,0,0,1,1,0.0,0,0,0
NH농협카드,올바른 GIVE 카드,25000,0,Mastercard,1,0,0,0,0,0,1,1,0,0,0,0,0,0,1,1,0.0,0,0,0
NH농협카드,BAZIC+(베이직플러스)카드,25000,0,Mastercard,0,0,0,0,0,0,1,0,0,1,1,0,0,0,0,1,0.0,0,0,0
KB국민카드,T-Premium KB국민카드,25000,40,Mastercard JCB,0,0,0,0,0,0,1,0,0,0,0,0,0,0,0,0,0.0,0,0,0
KB국민카드,WE:SH Travel,25000,30,Mastercard,0,1,1,0,0,0,1,0,1,1,1,0,0,0,1,0,0.0,0,0,0
KB국민카드,GS SHOP KB국민카드,25000,40,VISA UnionPay,0,1,1,0,0,0,1,0,0,1,0,0,1,1,0,0,0.0,0,0,0
하나카드,닥터구디 T&R(티앤알) 카드,25000,40,AMEX,0,0,0,0,0,0,1,0,0,0,0,0,0,0,0,1,0.0,0,0,0
하나카드,소노시즌 하나카드,25000,0,AMEX JCB,0,0,0,0,0,0,0,0,0,0,0,0,0,0,0,0,0.0,0,0,0
우리카드,카드의정석 UNTACT PLATINUM,25000,40,BC Mastercard,0,0,0,0,0,0,0,1,0,0,1,0,0,0,0,1,0.0,0,0,0
우리카드,AK우리카드 VIP,25000,30,VISA Mastercard UnionPay,1,0,1,0,0,0,0,0,0,1,1,0,0,0,1,1,0.0,0,0,0
신한카드,LG U+ Bora 신한카드 Big Plus,25000,40,Mastercard,1,1,0,0,0,0,1,0,0,1,0,0,0,0,1,0,0.0,0,0,0
신한카드,LG BEST SHOP 486 신한카드,25000,50,Mastercard,0,0,0,0,0,0,0,0,0,0,0,0,0,0,0,0,0.0,0,0,0
신한카드,Z:IN 인테리어 신한카드,25000,0,Mastercard,0,0,0,0,0,0,0,0,0,0,0,0,0,0,0,1,0.0,0,0,0
NH농협카드,올바른 BAZIC+ 카드,23000,40,Mastercard JCB,0,0,0,0,0,0,0,0,0,0,0,0,0,0,0,1,0.0,0,0,0
NH농협카드,올바른 POINT UP+ 카드,23000,40,Mastercard JCB,1,0,0,0,0,0,0,0,0,0,0,0,0,0,0,0,0.0,0,0,0
하나카드,풀무원 하나카드,23000,50,Mastercard,1,0,0,0,0,0,1,1,0,0,0,0,0,0,0,1,0.0,0,0,0
신한카드,신한카드 Point Plan,23000,0,VISA,1,0,0,1,0,0,0,0,0,0,0,0,0,0,0,1,0.0,0,0,0
신한카드,CJ ONE 프리즘 신한카드,23000,40,Mastercard,1,0,1,0,0,0,0,0,0,0,0,0,1,0,1,1,0.0,0,0,0
신한카드,신한카드 알뜰More(알뜰모아),23000,40,VISA,0,0,0,0,0,0,1,0,0,0,0,0,0,0,0,0,0.0,0,0,0
신한카드,신세계사이먼 프리미엄 아울렛 신한카드,23000,40,Mastercard,0,0,0,0,0,0,0,0,1,1,0,0,0,0,0,0,0.0,0,0,0
신한카드,수소차 충전할인 신한카드,23000,30,Mastercard,0,1,0,1,0,0,0,1,0,1,0,0,0,0,0,0,0.0,0,0,0
Sh수협은행,樂SEA(락시),22000,50,BC Mastercard,0,0,0,0,0,0,0,0,0,1,0,0,0,0,0,0,0.0,0,0,0
하나카드,카카오 T 하나카드,22000,30,BC Mastercard,0,0,0,0,0,0,0,0,0,1,0,0,0,0,1,0,0.0,0,0,0
신한카드,신한카드 EVerywhere,22000,40,VISA,0,1,1,0,0,0,1,0,0,1,0,1,0,0,0,0,0.0,0,0,0
신한카드,신한카드 KaPick,22000,0,VISA,1,0,1,0,0,0,0,0,0,0,0,1,0,0,0,1,0.0,0,0,0
NH농협카드,올바른TRAVEL카드(일본특화),20000,30,JCB,0,0,1,0,0,0,0,0,1,1,1,0,0,0,1,0,0.0,0,0,0
NH농협카드,올바른TRAVEL카드(중국특화),20000,30,UnionPay,0,0,1,0,0,0,0,0,1,1,1,0,0,0,1,0,0.0,0,0,0
KB국민카드,E1 LPG KB국민카드,20000,50,Mastercard,0,0,0,0,0,0,0,0,1,1,0,0,0,1,1,0,0.0,0,0,0
KB국민카드,제주항공 Refresh Point KB국민카드,20000,0,JCB,1,0,0,0,0,0,0,0,0,0,1,0,0,0,0,0,0.0,0,0,0
KB국민카드,쿠팡 와우 카드,20000,0,VISA,1,0,0,0,0,0,0,1,0,0,0,0,0,0,0,1,0.0,0,0,0
KB국민카드,toss KB국민카드,20000,0,Mastercard,1,0,1,0,0,0,0,0,0,0,0,0,0,0,0,1,0.0,0,0,0
KB국민카드,알뜰폰 Hub 카드,20000,50,UnionPay,0,0,0,0,0,0,1,0,0,0,1,0,0,0,0,0,0.0,0,0,0
KB국민카드,위메프페이 신용카드,20000,0,Mastercard JCB,1,0,0,0,0,0,0,0,0,0,0,1,0,0,0,0,0.0,0,0,0
KB국민카드,레고랜드카드,20000,40,Mastercard,0,1,1,1,0,1,0,1,0,0,0,0,0,0,0,1,0.0,0,0,0
KB국민카드,커피빈 신용카드,20000,50,VISA UnionPay,0,0,1,0,0,0,0,0,0,0,0,0,0,0,0,0,0.0,0,0,0
KB국민카드,KB국민 윙크카드,20000,50,Mastercard,0,0,0,0,0,0,0,0,0,0,0,0,0,0,0,0,0.0,0,0,0
KB국민카드,마일리지 가온카드(대한항공),20000,0,Mastercard,1,0,0,0,0,0,0,0,0,0,1,0,0,0,0,0,0.0,0,0,0
KB국민카드,골든라이프올림카드,20000,30,VISA,1,1,0,0,1,0,1,0,1,1,1,0,0,1,0,0,0.0,0,0,0
KB국민카드,마일리지 가온카드(아시아나),20000,0,Mastercard,1,0,0,0,0,0,0,0,0,0,0,0,0,0,0,0,0.0,0,0,0
IBK기업은행,제주항공 Refresh Point 카드,20000,0,BC BC Global Mastercard UnionPay,1,0,0,0,0,0,0,0,0,0,1,0,0,0,0,0,0.0,0,0,0
BC 바로카드,신세계 BC 바로 SEVEN FLEX,20000,30,VISA BC,0,1,1,0,1,0,1,1,1,1,0,0,1,1,0,0,0.0,0,0,0
현대카드,현대카드Z work Edition2,20000,50,VISA AMEX,0,1,1,0,0,0,0,1,0,1,0,0,0,0,0,0,0.0,0,0,0
현대카드,현대카드Z family Edition2,20000,50,VISA AMEX,0,0,0,0,1,1,0,1,0,1,0,0,0,0,0,0,0.0,0,0,0
현대카드,현대카드Z play,20000,50,VISA AMEX,0,0,0,1,0,0,0,1,0,0,0,0,0,0,1,1,0.0,0,0,0
현대카드,NOL 카드,20000,40,VISA AMEX,1,1,1,0,0,0,0,0,1,1,0,0,0,1,1,1,0.0,0,0,0
현대카드,코스트코 리워드 현대카드 Edition2,20000,50,VISA,1,0,0,0,0,0,0,0,0,0,0,0,0,0,0,1,0.0,0,0,0
현대카드,SKT-현대카드M Edition3(라이트할부형2.0),20000,50,VISA Mastercard AMEX,1,0,0,0,0,0,0,1,0,1,0,0,0,0,0,1,0.0,0,0,0
현대카드,Smilecard Edition3,20000,0,VISA,1,1,1,0,0,0,0,0,0,1,0,0,0,0,0,1,0.0,0,0,0
현대카드,이마트 e카드 Edition2,20000,0,Mastercard,1,1,0,0,0,0,0,0,0,0,0,0,0,0,0,1,0.0,0,0,0
현대카드,PlayStation® - 현대카드M,20000,0,VISA,1,0,0,0,0,0,0,1,0,0,0,1,0,0,0,1,0.0,0,0,0
현대카드,SSG.COM카드,20000,30,VISA,1,0,0,0,0,0,0,0,0,0,0,0,0,0,0,1,0.0,0,0,0
하나카드,LG전자 렌탈 플러스 하나카드,20000,30,VISA Mastercard UnionPay,0,0,0,0,0,0,0,0,0,0,0,0,0,0,0,0,0.0,0,0,0
하나카드,에너지 더블 카드,20000,40,Mastercard,0,1,0,0,0,0,1,0,0,1,0,0,0,0,0,0,0.0,0,0,0
제주은행,JEJUJINI Air Money카드,20000,30,VISA,1,0,0,0,0,0,1,0,0,0,1,1,0,0,0,1,0.0,0,0,0
전북은행,1st Link On 카드,20000,50,BC Mastercard,1,0,0,0,0,0,0,1,0,0,0,1,0,0,0,0,0.0,0,0,0
우리카드,KT 카드의정석 SUPER DC Ⅱ,20000,30,BC Mastercard,0,0,0,0,0,0,1,0,0,0,0,0,0,0,1,0,0.0,0,0,0
우리카드,CGV 우리카드,20000,30,BC Mastercard,1,0,0,0,0,0,0,0,0,0,0,0,0,0,1,0,0.0,0,0,0
우리카드,NU AUTO 우리카드,20000,50,BC Mastercard,0,0,0,0,0,0,0,0,0,1,0,0,0,0,0,0,0.0,0,0,0
우리카드,롯데렌터카 신차장 EV+ 우리카드,20000,50,BC Mastercard,0,0,0,0,0,0,0,0,0,1,0,0,0,0,0,0,0.0,0,0,0
우리카드,카드의정석 삼성디지털프라자,20000,30,VISA BC,0,0,1,0,0,0,0,0,0,0,0,0,0,0,1,0,0.0,0,0,0
우리카드,KT NU우리카드,20000,40,BC Mastercard,0,0,0,0,0,0,1,0,0,0,0,0,0,0,0,0,0.0,0,0,0
우리카드,LGU+ 카드의정석 Ⅱ,20000,30,BC Mastercard,0,0,0,0,0,0,1,0,0,0,0,0,0,0,1,0,0.0,0,0,0
우리카드,NU Uniq point,20000,30,BC Mastercard,1,0,0,0,0,0,0,0,1,1,0,0,0,0,1,1,0.0,0,0,0
우리카드,카드의정석 삼성화재 당신에게 좋은보험,20000,30,BC JCB,0,0,1,0,0,0,1,0,0,0,0,0,0,0,1,0,0.0,0,0,0
우리카드,셀리턴 우리카드,20000,0,VISA BC,0,0,0,0,0,0,0,0,0,0,0,0,0,0,0,0,0.0,0,0,0
신협,신협-신한카드 Shopping,20000,50,VISA,0,1,1,0,0,1,0,1,0,1,0,0,1,0,0,0,0.0,0,0,0
신한카드,신한카드 Edu,20000,50,Mastercard,0,1,0,0,0,1,1,0,0,0,0,0,0,0,0,0,0.0,0,0,0
신한카드,신한카드 Deep Taking,20000,40,VISA,1,1,1,1,1,1,1,1,0,1,1,0,1,0,0,0,0.0,0,0,0
신한카드,신한카드 봄,20000,0,Mastercard,0,0,0,0,0,0,0,0,0,1,0,1,0,0,0,1,0.0,0,0,0
신한카드,L.PAY 신한카드,20000,0,VISA,1,0,0,0,0,0,0,0,0,1,0,0,0,0,0,0,0.0,0,0,0
신한카드,신한카드 봄(도구리),20000,0,Mastercard,0,0,0,0,0,0,0,0,0,1,0,1,0,0,0,1,0.0,0,0,0
신한카드,아모레퍼시픽 신한카드,20000,30,VISA,1,0,1,0,0,0,0,0,1,0,0,0,1,0,0,1,0.0,0,0,0
삼성카드,스카이패스 삼성아멕스카드,20000,0,AMEX,1,0,0,0,0,0,0,0,0,1,0,0,0,0,1,0,0.0,0,0,0
삼성카드,삼성 iD GLOBAL 카드,20000,50,Mastercard,0,0,0,0,0,0,0,0,0,0,1,0,0,0,0,1,0.0,0,0,0
삼성카드,삼성 iD PLUG-IN 카드,20000,40,Mastercard,0,0,0,0,0,0,1,0,0,1,0,0,0,0,0,0,0.0,0,0,0
삼성카드,MY S-OIL 삼성카드,20000,30,VISA,0,0,1,0,0,0,0,0,0,1,0,0,0,0,0,0,0.0,0,0,0
삼성카드,T나는혜택 삼성카드,20000,30,Mastercard,0,0,0,0,0,0,1,0,0,0,0,0,0,0,0,0,0.0,0,0,0
삼성카드,KT 삼성카드,20000,30,Mastercard,0,0,0,0,0,0,1,0,0,0,0,0,0,0,0,0,0.0,0,0,0
삼성카드,삼성스토어 BENEFIT 삼성카드,20000,30,Mastercard,0,0,0,0,0,0,0,1,0,1,0,0,0,0,0,0,0.0,0,0,0
삼성카드,SC제일은행 아시아나 삼성지엔미카드,20000,0,Mastercard,1,0,1,0,0,0,0,1,0,1,0,0,0,0,1,1,0.0,0,0,0
삼성카드,iD MOVE카드,20000,40,Mastercard,0,1,1,0,0,0,1,0,0,1,1,1,0,0,0,0,0.0,0,0,0
삼성카드,LG U+ 삼성카드,20000,30,VISA,0,0,0,0,0,0,1,0,0,0,0,0,0,0,0,0,0.0,0,0,0
삼성카드,라이프파트너 삼성카드,20000,30,Mastercard,0,0,0,0,1,0,1,0,0,1,0,0,0,0,1,0,0.0,0,0,0
삼성카드,신세계 아울렛 BENEFIT 삼성카드,20000,40,Mastercard,0,1,1,1,0,0,0,1,1,0,0,0,0,0,0,0,0.0,0,0,0
삼성카드,삼성스토어 삼성카드,20000,50,Mastercard,0,0,1,0,0,0,0,0,0,1,0,0,0,0,0,0,0.0,0,0,0
삼성카드,에버랜드 삼성카드,20000,30,Mastercard,1,0,0,0,0,0,0,0,0,0,0,0,0,0,0,1,0.0,0,0,0
롯데카드,Mobile x LOCA 롯데카드,20000,40,Mastercard AMEX,0,0,0,0,0,0,1,0,0,0,0,0,0,0,0,1,0.0,0,0,0
롯데카드,Trip to 로카,20000,30,Mastercard AMEX,0,0,0,0,0,0,0,0,0,0,0,0,0,0,0,1,0.0,0,0,0
롯데카드,춘식이 모바일 로카,20000,0,AMEX,0,0,0,0,0,0,0,0,0,0,0,0,0,0,0,0,0.0,0,0,0
롯데카드,LOCA 100 Life,20000,75,Mastercard AMEX,0,1,0,0,0,0,1,0,0,1,0,0,0,0,0,1,0.0,0,0,0
롯데카드,Triple In LOCA,20000,0,Mastercard AMEX,0,0,0,0,0,0,1,0,0,0,0,0,0,0,0,0,0.0,0,0,0
롯데카드,보험엔로카,20000,0,Mastercard AMEX,0,0,0,0,0,0,1,0,0,1,0,0,0,0,0,0,0.0,0,0,0
롯데카드,LOCA MONEY,20000,0,VISA Mastercard AMEX,1,0,0,0,0,0,1,0,0,0,0,0,0,0,0,1,0.0,0,0,0
롯데카드,LOCA for Coffee,20000,150,,0,0,1,1,0,0,0,1,0,1,0,1,0,0,0,0,0.0,0,0,0
롯데카드,LOCA 나누기 카드,20000,0,Mastercard AMEX,0,0,0,0,0,0,0,0,0,0,0,0,0,0,0,0,0.0,0,0,0
롯데카드,LOCA for Auto,20000,150,Mastercard,0,1,0,1,0,0,1,0,0,1,0,0,0,0,0,0,0.0,0,0,0
롯데카드,LOCA 100,20000,75,VISA Mastercard AMEX,0,0,0,0,0,0,0,0,0,0,0,0,0,0,0,1,0.0,0,0,0
롯데카드,LOCA X 구독,20000,30,Mastercard AMEX,0,0,0,0,0,0,0,0,0,0,0,0,0,0,0,0,0.0,0,0,0
롯데카드,캐롯손해보험 롯데카드,20000,30,Mastercard AMEX,0,0,0,0,0,0,1,0,0,0,0,0,0,0,0,0,0.0,0,0,0
롯데카드,나무 롯데카드,20000,0,Mastercard AMEX,0,0,1,0,0,0,0,0,0,1,0,1,0,0,1,1,0.0,0,0,0
롯데카드,LOCA for Edu,20000,150,Mastercard,0,0,0,0,0,1,0,0,0,0,0,0,0,0,0,0,0.0,0,0,0
롯데카드,LOCA for 롯데마트,20000,0,Mastercard,0,1,0,0,0,0,0,0,0,0,0,0,0,0,0,0,0.0,0,0,0
롯데카드,뱅크샐러드 빨대카드,20000,50,VISA Mastercard AMEX,0,0,1,1,0,0,0,0,0,0,0,1,0,0,0,0,0.0,0,0,0
롯데카드,LOCA CLASSIC 롯데마트,20000,0,Mastercard,0,0,0,0,0,0,0,0,0,0,0,0,0,0,0,1,0.0,0,0,0
롯데카드,LOCA for Health,20000,150,Mastercard,0,0,0,0,1,0,0,0,1,1,0,0,0,0,0,0,0.0,0,0,0
롯데카드,위메프페이 롯데카드,20000,0,VISA Mastercard,1,0,0,0,0,0,0,0,0,0,0,0,0,0,0,1,0.0,0,0,0
롯데카드,LOCA in MEGACITY,20000,150,Mastercard,0,0,0,0,0,0,0,1,0,0,0,0,0,0,0,0,0.0,0,0,0
롯데카드,롯데마트&MAXX 카드,20000,0,Mastercard,0,1,0,0,0,0,0,0,0,0,0,0,0,0,0,0,0.0,0,0,0
롯데카드,e플래티넘 롯데카드,20000,50,VISA,0,0,0,0,0,0,0,0,0,0,0,0,0,0,0,1,0.0,0,0,0
하나카드,원더카드 Life,19900,0,VISA Mastercard AMEX,0,1,1,0,0,0,1,0,0,1,0,1,0,0,0,0,0.0,0,0,0
하나카드,원더 K리그 축덕카드,19900,0,Mastercard,0,0,0,1,0,0,0,1,1,1,0,0,0,0,0,1,0.0,0,0,0
IBK기업은행,I-PET,19000,40,Mastercard,0,1,1,0,1,0,0,1,0,0,0,0,0,0,0,0,0.0,0,0,0
우리카드,아이파킹 크레딧 카,18000,30,VISA BC,0,0,0,0,0,0,0,0,0,1,0,0,0,0,0,0,0.0,0,0,0
우리카드,카드의정석 하이마트,18000,30,BC Mastercard,0,1,1,0,0,0,0,0,0,0,0,0,0,0,1,0,0.0,0,0,0
신한카드,Paydays 신한카드,18000,0,VISA,1,0,0,0,0,0,0,0,0,0,0,0,0,0,0,1,0.0,0,0,0
신한카드,티머니 Pay & GO 신한카드,18000,30,Mastercard,0,1,1,0,0,0,1,0,1,1,0,0,0,0,0,0,0.0,0,0,0
신한카드,SPOTV NOW 신한카드 구독 좋아요,18000,40,VISA,0,0,0,1,0,0,0,0,0,0,0,1,0,0,0,1,0.0,0,0,0
신한카드,신한카드 YOLO ⓘ,18000,30,VISA,0,0,1,0,0,0,0,0,0,1,0,0,0,0,1,1,0.0,0,0,0
신한카드,신한카드 핏(Fit),18000,40,VISA,1,0,0,0,0,0,0,0,0,0,0,0,0,0,0,0,0.0,0,0,0
신한카드,신한라이프 THE PRIDE 신한카드,18000,0,VISA,0,0,0,0,1,0,1,0,0,0,0,0,0,1,0,1,0.0,0,0,0
신한카드,신한카드 플리,18000,0,,1,0,0,0,0,0,0,0,0,0,0,0,0,0,0,1,0.0,0,0,0
신한카드,건담 신한카드,18000,30,JCB,0,0,0,0,0,0,0,0,1,1,0,0,0,0,1,0,0.0,0,0,0
신한카드,홈플러스 스페셜 신한카드,18000,50,VISA,1,0,0,0,0,0,0,0,0,0,0,0,0,0,0,1,0.0,0,0,0
신한카드,신한카드 Eats More(곰표),18000,40,VISA,1,0,0,1,0,0,0,0,0,0,0,0,0,0,0,1,0.0,0,0,0
신한카드,제주신화월드 신한카드,18000,50,VISA,0,0,0,0,0,0,0,0,1,0,0,0,0,0,0,0,0.0,0,0,0
신한카드,땡겨요 신한카드,18000,30,VISA,1,1,0,0,0,0,0,0,0,0,0,0,0,0,0,0,0.0,0,0,0
신한카드,GS Prime 신한카드,18000,0,,1,0,0,0,0,0,0,0,0,0,0,0,0,0,0,1,0.0,0,0,0
신한카드,IKEA(이케아) Family with 신한카드,18000,30,VISA,0,1,1,0,0,0,1,0,1,0,0,0,0,0,1,0,0.0,0,0,0
삼성카드,글로벌쇼핑 삼성카드 5v2,18000,0,Mastercard,1,0,1,0,1,1,0,0,1,0,0,0,0,0,1,0,0.0,0,0,0
롯데카드,MY RENTAL+ 롯데카드,18000,50,Mastercard,0,0,0,0,0,0,0,0,0,1,0,0,0,0,0,0,0.0,0,0,0
롯데카드,I’m DRIVING,18000,50,VISA Mastercard AMEX,0,1,0,1,0,0,1,0,0,1,0,0,0,0,0,0,0.0,0,0,0
롯데카드,ALL MY POINT,18000,50,VISA Mastercard AMEX,1,1,0,0,0,0,1,0,0,1,0,0,0,0,0,1,0.0,0,0,0
NH농협카드,어디로든 그린카드,17000,30,VISA Mastercard,1,0,1,0,0,0,0,0,0,1,0,0,0,0,0,1,0.0,0,0,0
NH농협카드,SOHO 다사로이OIL카드,17000,50,UnionPay JCB,0,0,0,0,0,0,0,0,0,1,0,0,0,0,0,0,0.0,0,0,0
KB국민카드,에버랜드 판다카드,17000,30,UnionPay JCB,0,0,0,0,0,0,0,0,0,0,0,0,0,0,0,0,0.0,0,0,0
KB국민카드,골프존 KB국민카드,17000,30,VISA,0,1,0,0,0,0,1,0,0,1,0,0,0,1,0,0,0.0,0,0,0
BNK경남은행,어디로든 그린카드,17000,0,BC Mastercard,1,0,1,0,0,0,0,0,0,1,0,0,0,0,0,1,0.0,0,0,0
BC 바로카드,kt SUPER+ 카드,17000,50,VISA,0,0,0,0,0,0,1,0,0,1,0,0,0,0,0,0,0.0,0,0,0
하나카드,K-패스 하나 신용카드,17000,50,Mastercard,0,0,1,0,0,0,0,0,1,1,0,0,1,0,0,0,0.0,0,0,0
하나카드,New 제주항공 하나카드,17000,30,VISA,1,0,0,0,0,0,0,0,1,0,1,1,0,0,0,1,0.0,0,0,0
하나카드,1Q My Lunch,17000,30,VISA Mastercard,1,0,0,1,0,0,1,0,0,1,0,0,0,0,0,1,0.0,0,0,0
NH농협카드,NH올원 LGU+카드,15000,30,Mastercard JCB,0,0,1,0,0,0,1,0,0,0,0,0,0,0,1,0,0.0,0,0,0
NH농협카드,NH올원 LG전자BEST카드,15000,30,Mastercard JCB,0,0,1,0,0,0,0,0,0,0,0,0,0,0,1,0,0.0,0,0,0
NH농협카드,KT수퍼할부카드(비씨),15000,30,UnionPay,0,0,1,0,0,0,1,0,0,0,0,0,0,0,1,0,0.0,0,0,0
NH농협카드,올바른OIL카드,15000,30,UnionPay,1,1,1,0,0,0,0,0,0,1,0,0,0,0,0,0,0.0,0,0,0
NH농협카드,엘포인트카드(비씨),15000,50,UnionPay,1,1,0,0,0,0,0,0,1,0,0,0,0,0,1,1,0.0,0,0,0
NH농협카드,나무 NH농협카드,15000,40,Mastercard,0,1,0,0,0,0,0,0,0,1,1,0,0,0,0,0,0.0,0,0,0
NH농협카드,쇼핑조아카드,15000,40,BC Mastercard,0,0,0,0,0,0,0,0,1,0,0,0,0,0,0,1,0.0,0,0,0
NH농협카드,할인조아카드,15000,40,VISA BC,0,1,1,0,0,0,0,1,0,1,0,0,0,0,1,0,0.0,0,0,0
NH농협카드,NH농협 올바른 하나로(Hanaro) 카드,15000,40,Mastercard,1,0,0,0,1,0,0,0,0,0,1,0,0,0,1,0,0.0,0,0,0
NH농협카드,K-패스카드(신용),15000,40,VISA,0,1,1,1,0,0,1,0,0,1,0,0,0,1,0,0,0.0,0,0,0
NH농협카드,올바른 OIL&PASS,15000,40,Mastercard,0,1,1,0,0,0,0,0,0,1,0,0,0,0,0,0,0.0,0,0,0
NH농협카드,올바른지구 카드,15000,40,Mastercard,0,0,0,1,0,0,1,0,0,1,0,0,0,1,0,0,0.0,0,0,0
KB국민카드,스카이패스 KB국민카드,15000,0,VISA Mastercard JCB,1,0,0,0,0,0,0,0,0,1,1,0,0,0,0,1,0.0,0,0,0
KB국민카드,탄탄대로 웰컴카드,15000,30,Mastercard UnionPay,0,1,0,0,0,0,1,1,1,1,0,0,0,0,0,0,0.0,0,0,0
KB국민카드,가온 워킹업카드,15000,0,Mastercard,1,0,0,0,0,0,0,0,0,0,0,0,0,0,0,1,0.0,0,0,0
KB국민카드,Clip카드,15000,30,Mastercard JCB,0,0,0,0,0,0,1,0,0,0,0,0,0,0,0,0,0.0,0,0,0
KB국민카드,삼성페이 KB국민카드,15000,40,Mastercard,0,0,0,0,0,0,0,1,0,0,0,0,0,0,0,0,0.0,0,0,0
KB국민카드,kt M mobile카드,15000,30,Mastercard JCB,0,0,0,0,0,0,1,0,0,0,0,0,0,0,0,0,0.0,0,0,0
KB국민카드,가온 Biz카드,15000,50,VISA UnionPay,1,0,0,0,0,0,1,0,0,1,0,0,0,0,0,1,0.0,0,0,0
KB국민카드,U＋ 알뜰모바일카드,15000,30,Mastercard JCB,0,0,0,0,0,0,1,0,0,0,0,0,0,0,0,0,0.0,0,0,0
KB국민카드,CHALLENGE BAG KB국민카드,15000,40,Mastercard JCB,1,0,0,0,0,0,0,0,0,0,0,0,0,0,0,1,0.0,0,0,0
KB국민카드,SK 7mobile카드,15000,30,Mastercard JCB,0,0,0,0,0,0,1,0,0,0,0,0,0,0,0,0,0.0,0,0,0
KB국민카드,LG전자 KB국민카드,15000,30,Mastercard JCB,0,0,0,0,0,0,0,0,0,0,0,0,0,0,0,0,0.0,0,0,0
KB국민카드,모두투어 투어마일리지 KB국민카드,15000,0,JCB,1,0,1,1,0,0,0,0,0,0,0,0,0,0,1,0,0.0,0,0,0
KB국민카드,T-economy KB국민카드,15000,30,Mastercard JCB,0,0,0,0,0,0,1,0,0,0,0,0,0,0,0,0,0.0,0,0,0
KB국민카드,탄탄대로 Biz 카드,15000,40,Mastercard JCB,1,1,0,0,0,0,0,0,1,1,0,0,0,0,0,0,0.0,0,0,0
KB국민카드,KB국민 Our WE:SH 카드,15000,40,Mastercard,0,1,0,0,0,0,1,0,0,0,0,0,0,0,1,0,0.0,0,0,0
KB국민카드,Liiv M Ⅱ 카드,15000,30,Mastercard JCB,0,0,0,0,0,0,1,0,0,0,0,0,0,0,0,0,0.0,0,0,0
KB국민카드,Easy shopping 카드,15000,50,Mastercard JCB,1,1,0,1,0,0,0,1,0,0,0,0,0,0,0,0,0.0,0,0,0
KB국민카드,알뜰폰 Hub Ⅱ 카드,15000,30,Mastercard JCB,0,0,0,0,0,0,1,0,0,0,0,0,0,0,0,0,0.0,0,0,0
KB국민카드,이마트II KB국민카드(옐로우),15000,50,VISA,0,1,1,0,0,0,0,0,0,0,0,1,0,0,0,0,0.0,0,0,0
KB국민카드,KB Pay 챌린지카드,15000,0,Mastercard UnionPay,1,0,0,0,0,0,0,0,0,0,0,0,0,0,0,0,0.0,0,0,0
KB국민카드,KMVNO 알뜰폰 카드,15000,30,Mastercard JCB,0,0,0,0,0,0,1,0,0,0,0,0,0,0,0,0,0.0,0,0,0
KB국민카드,요기패스 신용카드,15000,30,Mastercard JCB,0,1,0,0,0,0,0,0,0,0,0,1,0,0,0,0,0.0,0,0,0
KB국민카드,Green Wave 1.5℃카드,15000,40,Mastercard UnionPay,1,0,0,0,0,0,0,0,0,1,0,0,0,0,0,0,0.0,0,0,0
KB국민카드,LFmall 신용카드,15000,0,Mastercard,1,0,0,0,0,0,0,0,0,0,0,0,0,0,0,1,0.0,0,0,0
KB국민카드,wavve카드,15000,30,VISA UnionPay,0,0,0,0,0,0,0,0,0,0,0,1,1,1,0,0,0.0,0,0,0
KB국민카드,갤러리아 KB국민카드,15000,50,VISA,1,0,0,0,0,0,0,0,1,0,0,0,0,0,0,0,0.0,0,0,0
KB국민카드,랭킹닭컴 신용카드,15000,30,VISA,0,0,0,0,0,0,0,0,0,0,0,1,0,1,0,0,0.0,0,0,0
KB국민카드,TMAP KB국민카드,15000,40,VISA,0,0,0,0,0,0,0,0,0,1,0,1,0,0,0,0,0.0,0,0,0
KB국민카드,웅진씽크빅 카드,15000,30,Mastercard JCB,0,0,0,0,0,0,0,0,0,0,0,0,0,0,0,0,0.0,0,0,0
KB국민카드,청춘대로 꿀잠α카드,15000,40,Mastercard,0,0,0,0,0,0,0,0,0,0,1,0,0,0,0,1,0.0,0,0,0
KB국민카드,청춘대로 꿀잼α카드,15000,40,Mastercard,0,0,0,0,0,0,0,0,0,0,0,0,0,1,1,1,0.0,0,0,0
KB국민카드,해피포인트 해피리워드 카드,15000,30,Mastercard,1,0,0,0,1,1,0,0,0,0,0,1,1,1,0,1,0.0,0,0,0
KB국민카드,아시아나항공 KB국민카드,15000,0,VISA Mastercard,1,0,0,0,0,0,0,0,0,0,0,0,0,0,0,1,0.0,0,0,0
IBK기업은행,I-ALL,15000,0,BC Mastercard,0,1,1,1,0,0,1,1,0,1,0,1,0,0,0,1,0.0,0,0,0
IBK기업은행,IBK KaPick,15000,0,BC Mastercard,1,0,0,0,0,0,0,0,0,0,0,0,0,0,0,1,0.0,0,0,0
DGB대구은행,DGB어디로든그린카드,15000,30,BC Mastercard,1,0,0,0,0,0,0,0,0,1,0,0,0,0,0,1,0.0,0,0,0
BNK부산은행,ZipL 신용카드,15000,0,BC Mastercard,0,1,0,0,1,1,1,0,0,1,0,0,0,0,0,0,0.0,0,0,0
BNK부산은행,팟(pod) 카드,15000,40,BC Mastercard,0,1,1,1,0,0,0,1,0,0,0,1,0,0,0,0,0.0,0,0,0
BC 바로카드,어디로든 그린카드,15000,30,VISA Mastercard,1,0,1,0,0,0,0,0,0,1,0,0,0,0,0,1,0.0,0,0,0
BC 바로카드,키자니아 에듀카드,15000,30,VISA BC Mastercard,0,0,1,1,0,1,1,0,1,1,0,0,0,0,1,0,0.0,0,0,0
현대카드,현대카드ZERO Edition3(포인트형),15000,0,VISA AMEX,1,0,0,0,0,0,0,0,0,0,0,0,0,0,0,1,0.0,0,0,0
하나카드,하나로마트 하나카드,15000,30,VISA JCB,0,1,1,0,0,1,1,0,0,0,0,0,0,0,0,0,0.0,0,0,0
하나카드,랭킹닭컴 하나카드,15000,30,Mastercard UnionPay,0,0,1,1,0,0,1,0,0,1,0,0,0,0,1,1,0.0,0,0,0
하나카드,하나 원큐 카드,15000,0,VISA,1,0,0,0,0,0,0,0,0,0,0,0,0,0,0,1,0.0,0,0,0
하나카드,삼프로TV 하나카드,15000,30,VISA,0,0,0,0,0,0,0,1,0,0,0,0,0,0,0,1,0.0,0,0,0
하나카드,밀리언달러 하나카드,15000,0,VISA,1,0,1,0,0,0,0,0,0,0,0,1,0,0,0,1,0.0,0,0,0
하나카드,펫 사랑 카드,15000,30,VISA,1,0,1,0,1,0,1,1,0,1,0,0,0,0,0,0,0.0,0,0,0
하나카드,모두의 건강,15000,30,VISA,1,1,1,0,1,0,0,0,0,0,0,0,0,1,0,1,0.0,0,0,0
하나카드,KT Super DC,15000,30,VISA JCB,0,0,1,0,0,0,1,0,0,0,0,0,0,0,1,0,0.0,0,0,0
하나카드,원스토어 1 하나카드,15000,30,Mastercard,0,0,0,1,0,0,0,1,0,0,0,0,0,0,0,0,0.0,0,0,0
제주은행,아시아나 마일리지카드,15000,0,VISA,1,0,1,0,0,0,0,0,0,1,0,0,0,0,1,0,0.0,0,0,0
제주은행,제주 삼다수카드(신용),15000,30,VISA BC,0,1,1,0,0,0,1,0,0,0,0,0,0,0,0,0,0.0,0,0,0
전북은행,SK OIL&LPG 카드,15000,30,BC Mastercard,0,0,0,0,1,0,0,0,0,1,0,0,0,0,0,0,0.0,0,0,0
우리카드,오케이몰 우리카드,15000,30,BC Mastercard,0,1,1,0,0,0,0,0,0,0,0,0,0,0,0,0,0.0,0,0,0
우리카드,H.Point 우리카드,15000,0,BC Mastercard,1,0,0,0,0,0,0,1,1,0,1,0,0,0,0,1,0.0,0,0,0
우리카드,카드의정석 US,15000,30,BC Mastercard,1,0,0,0,0,1,1,1,0,1,0,1,0,0,0,0,0.0,0,0,0
우리카드,PAYCO 36 우리카드,15000,40,VISA,1,1,1,0,0,0,0,0,0,0,0,0,0,0,0,0,0.0,0,0,0
우리카드,코오롱몰 우리카드,15000,30,BC Mastercard,0,1,0,0,0,0,0,0,0,0,1,0,0,0,0,0,0.0,0,0,0
우리카드,우리 XGOLF 카드,15000,30,BC Mastercard,1,0,0,0,1,0,1,1,0,0,1,0,0,1,0,0,0.0,0,0,0
우리카드,동양생명 우리카드,15000,30,BC Mastercard,0,0,0,0,0,0,1,0,0,0,0,0,0,0,0,0,0.0,0,0,0
우리카드,LG전자 베스트렌탈 우리카드,15000,30,BC Mastercard,0,0,0,0,0,0,0,0,0,0,0,0,0,0,0,0,0.0,0,0,0
우리카드,LG U+ 우리카드,15000,30,BC Mastercard,0,0,1,0,0,0,1,0,0,0,0,0,0,0,1,0,0.0,0,0,0
신한카드,신한카드 주거래 신용,15000,30,VISA UnionPay,1,0,0,0,0,0,1,0,1,1,0,0,0,0,0,1,0.0,0,0,0
신한카드,신한카드 Applus,15000,30,VISA,1,0,0,0,0,0,0,0,0,0,0,0,0,0,0,0,0.0,0,0,0
신한카드,베베쿡 신한카드,15000,50,VISA,0,0,1,1,0,1,0,0,1,0,0,0,0,0,0,0,0.0,0,0,0
신한카드,마이 홈플러스 신한카드,15000,0,VISA,1,0,0,0,0,0,0,0,0,0,0,0,0,0,1,1,0.0,0,0,0
신한카드,메가쇼핑 신한카드,15000,0,Mastercard,1,1,0,0,0,0,0,0,0,1,0,0,0,0,0,1,0.0,0,0,0
삼성카드,삼성 iD PET 카드,15000,40,Mastercard,0,1,1,0,1,0,1,1,1,0,0,1,0,0,0,0,0.0,0,0,0
삼성카드,카카오뱅크 개인사업자 삼성카드,15000,50,Mastercard,0,0,1,0,0,0,0,1,0,0,0,0,0,0,0,1,0.0,0,0,0
삼성카드,SSG.COM 삼성카드,15000,0,Mastercard,1,0,0,0,0,0,0,1,0,0,0,0,0,0,0,0,0.0,0,0,0
삼성카드,삼성 모바일플러스카드,15000,0,Mastercard,1,1,0,1,0,0,1,1,0,1,0,1,0,0,0,0,0.0,0,0,0
삼성카드,TRADERS CLUB 삼성카드,15000,0,Mastercard,1,1,0,0,0,0,0,0,0,1,0,0,0,0,0,0,0.0,0,0,0
삼성카드,엠베스트 엘리하이 삼성카드,15000,30,VISA,0,0,0,0,0,1,0,0,0,0,0,0,0,0,0,0,0.0,0,0,0
삼성카드,우리동네GS 삼성카드,15000,0,VISA,0,0,1,1,0,0,0,0,0,0,0,0,0,0,0,0,0.0,0,0,0
삼성카드,홈플러스 삼성카드,15000,0,VISA,0,0,0,0,1,0,0,0,0,1,0,0,0,0,0,0,0.0,0,0,0
롯데카드,올마이쇼핑 카드 (해외),15000,50,Mastercard,0,1,0,0,0,0,0,0,1,0,0,0,0,0,0,0,0.0,0,0,0
롯데카드,카카오뱅크 롯데카드,15000,0,VISA Mastercard,0,0,0,0,0,0,0,0,0,0,0,0,0,0,0,1,0.0,0,0,0
롯데카드,New PAYCO 롯데카드,15000,0,VISA Mastercard UnionPay,1,0,0,0,0,0,0,0,0,0,0,0,0,0,0,1,0.0,0,0,0
롯데카드,어디로든 그린카드 X LOCA,15000,30,Mastercard,1,0,1,0,0,0,0,0,0,1,0,0,0,0,0,1,0.0,0,0,0
롯데카드,케이뱅크 롯데카드,15000,0,Mastercard AMEX,0,0,1,1,0,0,0,0,0,1,0,1,0,0,0,1,0.0,0,0,0
롯데카드,하나은행 밀리언달러 카드,15000,0,VISA,0,0,0,0,0,0,0,0,0,0,0,1,0,0,0,1,0.0,0,0,0
롯데카드,Kakaopage 롯데카드,15000,0,VISA,0,0,0,0,0,0,0,0,0,0,0,0,0,0,0,1,0.0,0,0,0
롯데카드,GS&POINT 롯데카드,15000,40,Mastercard,0,0,0,0,0,0,0,0,0,0,0,0,0,0,0,0,0.0,0,0,0
롯데카드,I’m JOYFUL,15000,50,VISA Mastercard,0,1,0,0,1,0,0,0,1,1,0,0,0,1,0,0,0.0,0,0,0
롯데카드,I’m Powerful,15000,40,Mastercard AMEX,0,1,1,0,1,0,1,0,0,1,0,0,0,0,0,1,0.0,0,0,0
롯데카드,I’m Wonderful Plus,15000,40,Mastercard AMEX,0,0,0,0,0,0,0,0,0,0,0,0,0,0,0,1,0.0,0,0,0
롯데카드,L.PAY by 롤라카드(신용),15000,0,Mastercard,1,0,0,0,0,0,0,0,0,0,0,0,0,0,0,0,0.0,0,0,0
롯데카드,롯데홈쇼핑 벨리곰 카드,15000,40,Mastercard,1,0,0,0,0,0,0,1,1,0,0,1,0,0,0,0,0.0,0,0,0
롯데카드,올마이쇼핑 카드 (교통),15000,50,Mastercard,0,0,0,0,0,0,0,0,1,1,0,0,0,0,0,0,0.0,0,0,0
롯데카드,올마이쇼핑 카드 (점심),15000,50,Mastercard,0,0,0,1,0,0,0,0,1,0,0,0,0,0,0,0,0.0,0,0,0
롯데카드,Happy 디지털카드,15000,30,VISA Mastercard,1,0,0,0,0,1,0,0,0,1,0,0,0,0,0,1,0.0,0,0,0
롯데카드,E1 LPG 롯데카드,15000,30,,1,1,0,0,0,0,1,0,1,1,0,0,1,0,1,0,0.0,0,0,0
롯데카드,골프존 롯데카드,15000,40,Mastercard,0,0,0,0,0,0,0,0,1,0,0,0,1,1,1,0,0.0,0,0,0
롯데카드,롯데마트 롯데카드,15000,20,VISA,0,1,0,1,0,0,0,0,1,0,0,0,1,1,1,0,0.0,0,0,0
롯데카드,이랜드리테일 롯데카드,15000,0,Mastercard,1,1,0,0,0,0,0,0,0,0,0,0,0,0,0,0,0.0,0,0,0
NH농협카드,올바른 BAZIC 카드,14000,40,Mastercard JCB,0,0,0,0,0,0,0,0,0,0,1,0,0,0,0,1,0.0,0,0,0
NH농협카드,NH1961카드,14000,0,VISA,1,0,0,0,0,0,0,0,0,0,1,0,0,0,0,1,0.0,0,0,0
NH농협카드,NH올원 Rental&바디프랜드카드,14000,30,Mastercard,0,0,0,0,0,0,0,0,1,0,0,0,0,0,1,0,0.0,0,0,0
KB국민카드,넥센타이어 KB국민카드,14000,30,,0,0,0,0,0,0,0,0,0,0,0,0,0,0,1,0,0.0,0,0,0
IBK기업은행,I-나눔,14000,50,BC Mastercard,0,1,0,0,0,0,0,1,0,0,0,0,0,0,0,1,0.0,0,0,0
신한카드,SOCAR 제휴 SOCAR 신한카드,13000,30,VISA,0,1,1,0,0,0,0,0,0,1,0,0,0,0,0,0,0.0,0,0,0
신한카드,신한카드 Deep Store,13000,30,Mastercard,0,1,1,0,0,0,0,0,1,0,0,0,0,0,1,1,0.0,0,0,0
신한카드,다이소 신한카드,13000,30,VISA,0,1,1,0,0,0,0,0,1,0,0,0,0,0,1,0,0.0,0,0,0
신한카드,넷마블 신한카드,13000,40,Mastercard,0,1,1,0,0,0,0,0,0,0,0,0,0,0,1,0,0.0,0,0,0
신한카드,신한카드 Cube,13000,30,VISA Mastercard,0,0,0,0,0,0,0,0,0,1,0,0,0,0,0,0,0.0,0,0,0
Sh수협은행,S1카드,12000,0,Mastercard UnionPay,0,1,1,1,1,1,0,1,0,1,1,0,0,1,1,1,0.0,0,0,0
NH농협카드,zgm.streaming카드,12000,40,Mastercard,0,0,1,0,0,0,0,1,0,0,0,1,0,0,0,0,0.0,0,0,0
NH농협카드,zgm.play카드,12000,0,BC Global Mastercard,0,1,1,0,0,1,0,0,1,0,0,0,1,0,1,0,0.0,0,0,0
NH농협카드,GS리테일 NH농협카드,12000,0,Mastercard,1,0,0,0,0,0,0,0,0,0,1,0,0,0,0,1,0.0,0,0,0
NH농협카드,SOHO 다사로이카드,12000,0,Mastercard,0,0,0,0,0,0,1,0,0,0,0,0,0,0,0,1,0.0,0,0,0
NH농협카드,올바른HOMETOWN카드,12000,40,Mastercard,0,1,0,1,1,0,1,1,1,1,0,0,0,0,0,0,0.0,0,0,0
NH농협카드,올바른SAFE카드,12000,0,Mastercard,1,0,0,0,0,0,1,0,1,0,0,0,0,0,0,1,0.0,0,0,0
NH농협카드,적립조아카드,12000,0,VISA BC,1,0,0,0,0,0,0,0,0,0,0,0,0,0,0,0,0.0,0,0,0
NH농협카드,[NH농협] 그린카드v2,12000,20,Mastercard UnionPay JCB,1,0,1,0,0,0,0,1,0,1,0,0,0,0,1,1,0.0,0,0,0
NH농협카드,NH올원 Rental&코웨이카드,12000,0,Mastercard,0,0,0,0,0,0,0,0,1,0,0,0,0,0,1,0,0.0,0,0,0
NH농협카드,NH올원 Rental&넥센타이어카드,12000,30,Mastercard,0,0,0,0,0,0,0,0,0,0,0,0,0,0,1,0,0.0,0,0,0
NH농협카드,NH올원 Shopping&AMOREPACIFIC카드,12000,30,Mastercard,0,0,1,0,0,0,0,0,0,0,0,0,1,0,1,1,0.0,0,0,0
KB국민카드,에버랜드 판다카드(푸바오 에디션),12000,30,UnionPay,0,0,0,0,0,0,0,0,0,1,0,0,0,0,0,0,0.0,0,0,0
KB국민카드,H.Point KB국민카드,12000,0,Mastercard JCB,1,1,1,0,1,1,0,0,1,1,0,0,1,1,1,0,0.0,0,0,0
KB국민카드,AK KB국민카드,12000,30,Mastercard JCB,0,0,1,0,0,1,0,0,0,1,1,0,1,0,1,0,0.0,0,0,0
KB국민카드,SK에너지 러브유 KB국민카드,12000,30,Mastercard JCB,0,0,0,0,0,0,0,0,0,1,0,0,0,0,1,0,0.0,0,0,0
KB국민카드,GS행복가득카드,12000,30,Mastercard AMEX,0,0,0,0,0,0,0,0,0,1,0,0,0,0,0,0,0.0,0,0,0
KB국민카드,몰테일 KB국민카드,12000,0,Mastercard,1,0,1,0,0,0,0,0,1,0,1,0,0,0,0,1,0.0,0,0,0
IBK기업은행,IBK DC히어로즈 카드(신용),12000,50,Mastercard,0,1,0,1,1,0,1,1,0,1,0,0,0,0,0,0,0.0,0,0,0
DGB대구은행,[DGB대구] 그린카드v2,12000,40,BC Mastercard,1,0,0,0,0,0,0,1,0,1,0,0,0,0,1,1,0.0,0,0,0
BNK부산은행,펫(PET)카드,12000,40,BC Mastercard,0,1,0,0,1,0,0,0,0,1,0,0,0,0,0,0,0.0,0,0,0
BNK부산은행,[BNK부산] 그린카드v2,12000,40,BC Mastercard,1,0,0,0,0,0,0,1,0,1,0,0,0,0,1,1,0.0,0,0,0
BC 바로카드,kt DC PLUS,12000,30,VISA Mastercard,0,0,0,0,0,0,1,0,0,1,0,0,0,0,0,0,0.0,0,0,0
BC 바로카드,컬리카드,12000,0,BC AMEX,1,0,0,0,0,0,0,0,0,0,0,0,0,0,0,1,0.0,0,0,0
BC 바로카드,부자되세요 덤카드,12000,0,Mastercard,0,0,0,0,0,0,0,0,0,0,0,0,0,0,0,1,0.0,0,0,0
BC 바로카드,신세계 푸빌라 BC바로카드,12000,0,VISA Mastercard,0,0,0,0,0,0,0,0,1,0,0,0,0,0,0,1,0.0,0,0,0
BC 바로카드,로스트아크 카드,12000,0,VISA BC,0,0,0,0,0,0,0,0,0,0,0,0,0,0,0,1,0.0,0,0,0
하나카드,바디프랜드 하나카드,12000,30,JCB,0,1,1,0,0,0,0,0,0,0,0,0,0,0,0,0,0.0,0,0,0
하나카드,카카오뱅크 하나카드,12000,0,VISA UnionPay,0,0,0,0,0,0,0,1,0,0,0,1,0,0,0,1,0.0,0,0,0
하나카드,모두의 신세계 하나카드,12000,40,VISA,0,0,1,0,0,0,0,1,1,1,0,0,0,0,1,0,0.0,0,0,0
하나카드,#any 하나카드,12000,50,VISA UnionPay,0,0,0,0,0,0,0,0,0,0,0,1,0,0,0,1,0.0,0,0,0
하나카드,프레딧 하나카드,12000,30,VISA,0,0,1,0,0,0,1,1,0,0,0,0,0,0,0,1,0.0,0,0,0
하나카드,K리그 축덕 하나멤버스 1Q Play1 카드,12000,30,Mastercard,1,1,0,0,0,0,1,0,0,1,0,0,0,0,1,0,0.0,0,0,0
하나카드,아모레퍼시픽 카드,12000,30,VISA,1,0,1,0,0,0,0,0,0,0,0,0,0,0,1,1,0.0,0,0,0
케이뱅크,케이뱅크 SIMPLE 카드,12000,0,VISA BC,0,1,1,0,0,0,1,1,0,1,0,1,0,0,0,1,0.0,0,0,0
차이,차이 신용카드,12000,0,VISA,0,0,0,0,0,0,0,0,0,1,0,0,0,0,0,0,0.0,0,0,0
전북은행,1st TRIPLE 카드,12000,0,,1,0,1,0,0,0,0,0,0,1,0,0,0,0,0,0,0.0,0,0,0
우리카드,마이카 우리카드,12000,30,VISA Mastercard UnionPay,0,0,1,0,0,0,1,0,0,1,0,0,0,0,1,0,0.0,0,0,0
우리카드,D4카드의정석Ⅱ,12000,30,Mastercard,0,1,1,0,0,0,0,0,0,1,0,0,0,0,1,0,0.0,0,0,0
우리카드,카드의정석 EVERY POINT,12000,0,VISA Mastercard,1,0,0,0,0,0,0,1,0,0,0,0,0,0,0,1,0.0,0,0,0
우리카드,010PAY 우리카드,12000,0,Mastercard,1,0,0,0,0,0,0,0,0,0,0,0,0,0,0,0,0.0,0,0,0
우리카드,카드의정석 I&U+,12000,30,Mastercard,0,0,1,0,0,0,0,0,0,1,0,0,0,0,0,1,0.0,0,0,0
우리카드,NU Nature,12000,30,BC Mastercard,1,0,1,0,0,0,0,1,0,1,0,1,0,0,0,0,0.0,0,0,0
우리카드,위비 알뜰주유소 할인카드,12000,30,Mastercard UnionPay,0,0,1,0,0,0,0,0,0,1,0,0,0,0,1,0,0.0,0,0,0
우리카드,AK우리카드,12000,30,VISA BC Mastercard UnionPay,1,0,1,0,0,0,0,0,0,1,1,0,0,0,1,1,0.0,0,0,0
우리카드,만나 우리카드,12000,0,VISA BC,0,0,1,0,0,0,0,0,0,1,0,0,0,0,0,1,0.0,0,0,0
우리카드,카카오뱅크 우리카드,12000,40,VISA,0,0,0,0,0,0,0,0,0,0,0,0,0,0,0,0,0.0,0,0,0
우리카드,카드의정석 L.POINT,12000,30,BC Mastercard,1,0,1,1,0,0,0,1,1,0,0,0,0,0,1,1,0.0,0,0,0
우리카드,카드의정석 SHOPPING+,12000,30,VISA Mastercard UnionPay,0,0,1,0,0,0,0,1,0,1,0,0,0,0,0,0,0.0,0,0,0
우리카드,OK캐쉬백 위비할인카드,12000,30,BC Mastercard,1,0,1,0,0,0,0,0,1,1,0,0,0,0,1,0,0.0,0,0,0
우리카드,갤러리아 우리카드,12000,30,VISA Mastercard UnionPay,0,0,1,0,0,0,0,0,0,1,1,0,0,0,1,1,0.0,0,0,0
우리카드,카드의정석 시니어플러스,12000,30,BC Mastercard,1,0,1,0,0,0,0,0,0,0,1,0,0,0,1,0,0.0,0,0,0
우리카드,ALL 다모아카드,12000,0,VISA BC Mastercard,1,0,1,0,0,0,0,0,0,1,0,0,0,0,1,0,0.0,0,0,0
우리카드,엉 카드,12000,30,BC Mastercard,0,0,1,0,0,0,0,0,0,0,0,0,0,0,1,0,0.0,0,0,0
우리카드,위메프 우리카드,12000,30,BC Mastercard UnionPay,1,1,1,0,0,0,0,0,0,0,0,0,0,0,0,0,0.0,0,0,0
우리카드,위비멤버스카드,12000,30,BC Mastercard,1,0,1,0,1,1,1,0,1,1,0,0,0,0,1,1,0.0,0,0,0
우리카드,카드의정석 HEROES,12000,30,VISA BC,1,0,0,0,0,0,0,1,0,0,0,0,0,0,0,1,0.0,0,0,0
우리카드,카드의정석 베트남여행,12000,30,VISA Mastercard UnionPay,0,0,1,0,0,0,0,1,0,1,1,0,0,0,0,1,0.0,0,0,0
신한카드,신한카드 집,12000,0,VISA,0,1,0,0,1,1,1,0,0,0,0,0,0,0,0,0,0.0,0,0,0
신한카드,위메프페이 신한카드,12000,0,Mastercard,1,0,0,0,0,0,0,1,0,0,0,0,0,0,0,1,0.0,0,0,0
신한카드,신세계 신한카드,12000,50,Mastercard UnionPay,0,0,0,0,0,0,0,0,1,0,0,0,0,0,0,1,0.0,0,0,0
신한카드,New LG전자 베스트샵 PLUS 신한카드,12000,50,Mastercard,1,0,0,0,0,0,0,0,0,0,0,0,0,0,0,0,0.0,0,0,0
삼성카드,S-OIL 삼성카드 & POINT,12000,0,Mastercard,1,1,0,0,0,0,0,0,0,1,0,0,0,0,1,0,0.0,0,0,0
광주은행,[광주] K-그린카드v2,12000,30,Mastercard,1,0,1,0,0,0,1,0,0,1,0,0,0,0,1,1,0.0,0,0,0
SSGPAY. CARD,이마트에브리데이 SSG카드,10000,0,Mastercard,1,0,0,0,0,0,0,0,0,0,0,0,0,0,0,1,0.0,0,0,0
Sh수협은행,Real? Real! 2 카드,10000,30,Mastercard UnionPay,0,0,0,0,0,0,0,0,0,0,0,0,0,0,0,1,0.0,0,0,0
NH농협카드,NH농협 올바른LIFE카드(적립형),10000,0,VISA,1,1,0,0,0,0,0,0,0,0,0,0,0,0,0,1,0.0,0,0,0
NH농협카드,NH농협 부자되세요 아파트카드(비씨),10000,40,Mastercard UnionPay,0,0,1,0,0,1,1,0,1,0,0,0,0,0,0,0,0.0,0,0,0
NH농협카드,T라이트카드,10000,40,VISA JCB,0,0,1,0,0,0,1,0,0,0,0,0,0,0,1,0,0.0,0,0,0
NH농협카드,NH농협 콕카드,10000,40,VISA Mastercard JCB,1,0,0,0,0,0,1,0,0,0,0,0,0,0,0,0,0.0,0,0,0
NH농협카드,NH농협 올바른LIFE카드(할인형),10000,30,VISA,0,1,1,0,1,1,1,1,0,0,0,0,0,0,1,0,0.0,0,0,0
NH농협카드,부자되세요 HomeShopping카드(비씨),10000,20,VISA UnionPay,0,0,1,0,0,0,0,1,1,0,0,0,0,0,1,0,0.0,0,0,0
NH농협카드,NH올원 Direct&DB손해보험카드,10000,30,VISA,0,0,1,1,0,0,1,0,0,1,0,0,0,0,0,0,0.0,0,0,0
NH농협카드,#ing(샵핑)카드,10000,30,Mastercard,0,0,0,0,0,0,0,1,0,0,0,0,0,0,1,1,0.0,0,0,0
NH농협카드,NC다이노스카드,10000,30,VISA,0,0,1,0,0,0,0,1,0,0,0,0,0,0,1,0,0.0,0,0,0
NH농협카드,NH올원 NH투자증권카드,10000,0,Mastercard,1,0,0,0,0,0,0,0,0,0,0,0,0,0,0,1,0.0,0,0,0
NH농협카드,NH올원 하나로카드,10000,10,Mastercard,1,0,0,0,0,0,0,0,0,0,0,0,0,0,0,1,0.0,0,0,0
NH농협카드,NH올원카드,10000,0,Mastercard,1,0,0,0,0,0,0,0,0,0,0,0,0,0,0,0,0.0,0,0,0
KB국민카드,The CJ KB국민카드,10000,0,VISA Mastercard JCB,0,0,0,0,0,0,0,0,1,0,0,0,1,0,1,0,0.0,0,0,0
KB국민카드,S-OIL LPG KB국민카드,10000,30,VISA Mastercard,0,1,0,0,0,0,1,0,1,1,0,0,0,0,1,0,0.0,0,0,0
KB국민카드,마이핏카드(할인형),10000,30,Mastercard,0,1,1,1,0,0,1,0,1,1,0,0,1,0,0,0,0.0,0,0,0
KB국민카드,하나투어 KB국민카드,10000,0,VISA Mastercard JCB,1,0,0,0,0,0,0,0,0,0,1,0,0,0,1,0,0.0,0,0,0
IBK기업은행,[IBK] 그린카드v2,10000,20,VISA UnionPay,1,0,1,0,0,0,0,0,0,1,0,0,0,0,1,1,0.0,0,0,0
IBK기업은행,일년의 설렘카드,10000,50,VISA UnionPay,0,0,0,0,0,0,0,0,0,0,0,0,0,0,1,0,0.0,0,0,0
IBK기업은행,참! 좋은 다이소카드(신용),10000,30,VISA UnionPay,1,1,1,0,0,0,0,1,1,1,0,0,1,0,1,0,0.0,0,0,0
IBK기업은행,olleh Super DC IBK카드,10000,30,Mastercard UnionPay,0,0,0,0,0,0,1,0,0,1,0,0,0,0,1,0,0.0,0,0,0
IBK기업은행,아모레퍼시픽 IBK카드,10000,50,VISA UnionPay,0,1,1,0,0,0,0,0,0,1,0,0,1,0,1,0,0.0,0,0,0
IBK기업은행,EV카드,10000,30,BC Mastercard UnionPay,1,0,0,0,0,0,0,0,0,1,0,0,0,0,0,0,0.0,0,0,0
IBK기업은행,skylife Ultra IBK카드,10000,30,BC Mastercard UnionPay,0,1,0,0,0,0,0,0,1,0,0,0,0,0,1,0,0.0,0,0,0
BNK부산은행,BNK카드,10000,0,Mastercard UnionPay,0,0,0,0,0,0,0,0,0,0,0,0,0,0,0,1,0.0,0,0,0
BNK부산은행,BNK 프렌즈 신용카드,10000,0,BC Global Mastercard,0,0,0,0,0,0,0,0,0,1,0,0,0,0,0,1,0.0,0,0,0
BNK부산은행,오늘은e 신용카드,10000,30,BC Mastercard,0,0,1,0,0,1,1,1,0,1,0,0,0,0,1,0,0.0,0,0,0
BC 바로카드,신세계 BC 바로 아시아나 플러스,10000,50,VISA BC,1,0,0,0,0,0,0,0,1,0,0,0,0,0,0,0,0.0,0,0,0
BC 바로카드,신세계 BC 바로 리워드 플러스,10000,30,VISA BC,1,0,0,0,0,0,0,0,1,0,0,0,0,0,0,1,0.0,0,0,0
BC 바로카드,쇼핑& 카드,10000,30,BC,0,1,0,0,0,0,0,1,0,0,0,1,0,0,0,0,0.0,0,0,0
현대카드,SmileCard Edition2,10000,0,VISA,1,0,0,0,0,0,0,0,0,0,0,0,0,0,0,1,0.0,0,0,0
현대카드,배민현대카드,10000,30,Mastercard,1,0,0,1,0,0,0,1,0,0,0,0,0,0,0,1,0.0,0,0,0
현대카드,무신사 현대카드,10000,30,Mastercard,1,0,0,0,0,0,0,0,0,0,0,0,0,0,0,1,0.0,0,0,0
현대카드,SSG.COM 카드 Edition2,10000,30,VISA,1,0,0,0,0,0,0,0,0,0,0,0,0,0,0,1,0.0,0,0,0
현대카드,넥슨 현대카드,10000,0,Mastercard AMEX,1,0,0,0,0,0,0,0,0,0,0,0,0,0,0,1,0.0,0,0,0
현대카드,인플카 현대카드,10000,40,VISA,1,1,0,1,0,0,0,0,0,0,0,0,0,0,0,0,0.0,0,0,0
현대카드,쏘카카드,10000,0,VISA,1,0,1,1,0,0,0,0,0,1,1,0,0,0,1,1,0.0,0,0,0
현대카드,코스트코 리워드 비즈니스 현대카드,10000,0,VISA,1,0,0,0,0,0,0,0,0,0,0,0,0,0,0,1,0.0,0,0,0
현대카드,산림조합-현대카드M(청구할인형),10000,0,BC Mastercard UnionPay,1,0,0,0,0,0,0,0,0,0,0,0,0,0,0,1,0.0,0,0,0
하나카드,하나멤버스 1Q(원큐) 카드 Daily,10000,30,VISA Mastercard,1,0,1,0,0,0,1,1,0,1,0,0,0,0,0,1,0.0,0,0,0
하나카드,하나멤버스 1Q(원큐) 카드 Living,10000,30,VISA Mastercard,1,0,1,0,0,1,1,0,0,1,0,0,0,0,0,1,0.0,0,0,0
하나카드,언택트 L 하나카드,10000,30,AMEX,0,0,0,1,0,0,0,1,0,1,0,0,0,0,0,0,0.0,0,0,0
하나카드,New Happy 하나카드,10000,0,VISA,1,0,0,0,0,0,0,0,0,0,0,0,0,0,0,1,0.0,0,0,0
전북은행,NEW AUTO+,10000,30,,0,1,1,1,0,0,1,0,1,1,0,0,0,0,0,0,0.0,0,0,0
전북은행,둘과넷 카드,10000,0,,0,0,0,0,0,0,0,0,0,0,0,0,0,0,0,0,0.0,0,0,0
전북은행,1st 카드(레드),10000,0,,1,0,0,0,0,0,0,0,0,0,0,0,0,0,1,1,0.0,0,0,0
우리카드,한화생명 Family카드 (골프형),10000,30,BC Global Mastercard,0,1,1,0,0,0,1,0,0,1,1,0,0,1,1,0,0.0,0,0,0
우리카드,한화생명 Family 카드 (문화형),10000,30,BC Global Mastercard,0,1,1,0,0,0,1,0,0,1,1,0,0,0,1,0,0.0,0,0,0
우리카드,All For Me카드,10000,30,VISA Mastercard UnionPay,0,0,1,0,0,0,0,0,0,0,0,0,0,0,1,0,0.0,0,0,0
우리카드,라이나생명 라서즐거운카드,10000,0,Mastercard UnionPay,0,0,1,0,0,0,1,0,0,0,0,0,0,0,1,0,0.0,0,0,0
우리카드,넥센타이어 우리카드,10000,30,VISA UnionPay,0,0,1,0,0,0,0,0,0,0,0,0,0,0,1,0,0.0,0,0,0
우리카드,SK Oil 400 우리카드,10000,30,Mastercard UnionPay,0,0,1,0,0,0,0,0,0,1,0,0,0,0,1,0,0.0,0,0,0
우리카드,LG전자 라서즐거운 카드,10000,30,Mastercard UnionPay,0,0,1,0,0,0,0,0,0,0,0,0,0,0,1,0,0.0,0,0,0
우리카드,LoL CHAMPIONS KOREA 우리카드,10000,0,VISA Mastercard UnionPay,0,0,1,0,0,0,0,0,0,1,0,0,0,0,0,1,0.0,0,0,0
우리카드,바디프랜드 카드,10000,30,BC Global Mastercard,0,0,1,0,0,0,0,0,0,0,0,0,0,0,1,0,0.0,0,0,0
우리카드,WON POINT(원 포인트) AIR,10000,30,VISA BC Mastercard,1,1,1,1,0,0,0,1,0,1,0,1,0,0,1,0,0.0,0,0,0
우리카드,WON DISCOUNT(원 디스카운트) AIR,10000,50,BC Mastercard,0,0,1,1,0,0,0,0,0,1,0,1,0,0,0,0,0.0,0,0,0
신협,신협-신한카드 B.Big(삑),10000,30,VISA UnionPay,0,1,1,0,0,0,1,0,1,1,0,0,0,0,1,0,0.0,0,0,0
신한카드,LG트윈스 신한카드,10000,0,VISA,0,0,0,0,0,0,0,0,0,0,0,0,0,0,1,0,0.0,0,0,0
신한카드,리디 신한카드,10000,30,VISA,0,0,1,0,0,0,0,0,0,0,0,0,0,0,1,0,0.0,0,0,0
신한카드,더본 신한카드,10000,0,VISA,0,1,0,0,0,0,0,0,0,1,0,0,0,0,1,0,0.0,0,0,0
신한카드,EDIYA 신한카드 Tasty,10000,30,Mastercard UnionPay,0,0,0,0,0,0,0,0,1,0,0,0,1,0,1,0,0.0,0,0,0
신한카드,모바일 Tmoney 신한카드,10000,30,VISA UnionPay,0,0,1,0,0,1,1,1,1,0,0,0,0,0,1,0,0.0,0,0,0
신한카드,신한카드 Always FAN,10000,50,,0,1,1,0,0,0,0,0,0,0,0,0,1,0,1,0,0.0,0,0,0
신한카드,K-패스 신한카드,10000,30,Mastercard,0,0,0,0,0,0,0,1,0,1,0,0,0,0,0,0,0.0,0,0,0
삼성카드,삼성카앤모아카드,10000,30,Mastercard,1,0,1,0,0,0,0,0,0,1,0,0,0,0,1,1,0.0,0,0,0
삼성카드,CJ ONE 삼성카드,10000,20,VISA,1,0,0,0,0,0,0,0,0,0,0,0,0,0,1,0,0.0,0,0,0
삼성카드,삼성페이 삼성카드 taptap,10000,30,Mastercard,0,0,0,0,0,0,1,0,0,0,0,0,0,0,1,1,0.0,0,0,0
삼성카드,Toss taptap S,10000,50,Mastercard,1,0,0,0,0,0,0,0,0,1,0,0,0,0,1,1,0.0,0,0,0
삼성카드,네이버웹툰 삼성 iD 카드,10000,0,Mastercard,1,0,1,1,0,0,0,1,0,0,0,0,0,0,0,1,0.0,0,0,0
삼성카드,taptap SHOPPING,10000,30,Mastercard,0,0,0,0,0,0,0,1,0,0,0,1,0,0,0,0,0.0,0,0,0
삼성카드,CJ 삼성 iD 카드,10000,30,Mastercard,0,1,1,1,0,0,1,0,0,0,0,0,1,0,1,0,0.0,0,0,0
삼성카드,CU·배달의민족 삼성카드 taptap,10000,30,Mastercard,0,0,0,1,0,0,0,0,0,1,0,0,0,0,0,0,0.0,0,0,0
삼성카드,롯데월드카드,10000,30,VISA,0,0,0,1,0,1,0,1,0,1,0,1,0,0,0,1,0.0,0,0,0
삼성카드,부릉 삼성카드 BIZ,10000,0,Mastercard,1,0,1,0,0,0,1,0,0,1,0,0,0,0,1,0,0.0,0,0,0
삼성카드,NS홈쇼핑 삼성카드,10000,40,Mastercard,0,1,1,0,0,0,0,1,1,1,0,0,0,0,0,0,0.0,0,0,0
삼성카드,W컨셉 삼성카드,10000,30,VISA,1,0,1,0,0,0,1,1,0,0,0,0,1,1,0,0,0.0,0,0,0
삼성카드,요기요 삼성카드,10000,0,Mastercard,0,1,1,1,0,0,0,0,0,0,0,1,0,0,0,0,0.0,0,0,0
롯데카드,롭스 롯데카드,10000,0,Mastercard,1,0,1,1,0,0,0,0,1,1,0,0,1,0,1,0,0.0,0,0,0
롯데카드,뉴GS칼텍스 롯데카드,10000,0,VISA,1,0,0,1,0,0,0,0,1,1,0,0,1,0,1,0,0.0,0,0,0
롯데카드,네이버페이 쇼핑엔로카,10000,0,Mastercard AMEX,1,0,0,0,0,0,0,1,0,0,0,0,0,0,0,0,0.0,0,0,0
롯데카드,인터파크 롯데카드,10000,0,Mastercard,0,0,0,0,0,0,0,0,0,0,0,0,0,0,0,1,0.0,0,0,0
광주은행,1st카드 (캐시백형),10000,0,VISA Mastercard,0,0,0,0,0,0,0,0,0,0,0,0,0,0,1,1,0.0,0,0,0
광주은행,1st카드 (포인트 적립형),10000,0,VISA Mastercard,1,0,0,0,0,0,0,0,0,0,0,0,0,0,1,1,0.0,0,0,0
광주은행,부자되세요 The Oil카드,10000,30,VISA Mastercard,1,1,1,0,0,0,1,1,0,1,0,0,0,0,0,0,0.0,0,0,0
삼성카드,PAYCO taptap,9900,40,,1,1,1,1,0,0,0,0,0,0,0,0,1,1,0,0,0.0,0,0,0
NH농협카드,에코마일리지카드(비씨),8000,30,BC Mastercard,1,0,0,0,1,1,1,0,1,1,0,0,0,1,0,0,0.0,0,0,0
KB국민카드,반려愛카드(강아지),8000,30,Mastercard JCB,0,1,0,0,0,0,0,1,0,0,0,0,0,0,0,0,0.0,0,0,0
DGB대구은행,올레 Super DC 대구은행카드,8000,30,VISA UnionPay,1,0,1,0,0,0,1,0,0,0,0,0,0,0,0,1,0.0,0,0,0
신협,신협-신한카드 Hi-Point,8000,0,VISA Mastercard JCB,1,0,0,0,0,0,1,1,1,1,0,0,0,0,1,1,0.0,0,0,0
신한카드,11번가 신한카드,8000,0,Mastercard,1,0,0,0,0,0,0,0,0,0,0,0,0,0,0,1,0.0,0,0,0
삼성카드,다이소 삼성카드,8000,0,VISA,1,1,1,1,1,0,0,1,0,0,0,0,0,0,0,0,0.0,0,0,0
IBK기업은행,IBK-Syrup카드[신용],7000,30,Mastercard UnionPay,0,0,0,0,0,0,0,0,0,0,0,0,0,0,0,0,0.0,0,0,0
IBK기업은행,용인시민카드(신용),7000,30,VISA BC,0,1,1,0,0,0,0,1,0,1,0,0,0,0,1,0,0.0,0,0,0
BC 바로카드,UPTURN카드,7000,30,BC Global,1,1,0,1,0,0,1,0,1,1,0,0,0,0,1,0,0.0,0,0,0
BC 바로카드,K-패스 카드,7000,30,VISA,0,1,1,0,0,0,1,0,0,1,0,1,0,0,0,0,0.0,0,0,0
신한카드,GS칼텍스 신한카드 Shine,7000,20,VISA Mastercard,0,0,0,0,0,0,0,0,0,1,0,0,0,0,1,0,0.0,0,0,0
롯데카드,Jin Air - 롯데카드,6000,30,JCB,0,1,1,0,0,0,0,0,1,0,1,0,0,0,1,1,0.0,0,0,0
KB국민카드,금융포인트리카드,5000,0,VISA Mastercard UnionPay,1,0,0,0,0,0,1,0,0,0,0,0,0,0,0,0,0.0,0,0,0
KB국민카드,해피포인트 KB국민카드,5000,10,VISA Mastercard JCB,1,0,0,0,0,0,0,1,0,0,0,0,0,0,1,1,0.0,0,0,0
KB국민카드,SK LPG SAVE KB국민카드,5000,30,VISA Mastercard,0,1,0,0,0,0,1,0,1,1,0,0,0,0,1,0,0.0,0,0,0
IBK기업은행,Oil & Life카드(Life카드),5000,40,Mastercard UnionPay,1,0,1,1,0,0,1,0,0,1,0,0,0,0,1,0,0.0,0,0,0
IBK기업은행,자연드림 IBK카드,5000,0,VISA BC Global,1,0,1,0,0,0,0,0,0,1,0,0,0,0,1,0,0.0,0,0,0
IBK기업은행,일년의 설렘카드(모바일전용),5000,0,VISA BC UnionPay,0,0,0,0,0,0,0,0,0,0,0,0,0,0,1,0,0.0,0,0,0
BC 바로카드,부자되세요 홈쇼핑카드,5000,20,Mastercard,0,0,1,0,0,0,0,1,1,0,0,0,0,0,1,0,0.0,0,0,0
BC 바로카드,K-FIRST (모바일전용),5000,0,VISA UnionPay,0,1,1,0,0,0,0,0,1,1,0,0,0,0,0,1,0.0,0,0,0
BC 바로카드,BC 바로 On&Off 카드,5000,30,VISA BC Mastercard,0,0,1,1,0,0,0,1,0,1,0,0,0,0,0,1,0.0,0,0,0
BC 바로카드,신세계 BC 바로 콰트로 플러스,5000,30,VISA BC,0,1,1,1,1,0,1,1,1,1,0,0,0,0,0,0,0.0,0,0,0
BC 바로카드,신세계 BC 바로 클리어 플러스,5000,20,VISA BC,0,0,0,1,0,0,1,1,0,1,0,0,1,0,0,0,0.0,0,0,0
BC 바로카드,&POP 카드,5000,0,VISA BC UnionPay,1,0,0,0,0,0,0,0,0,0,0,0,0,0,0,1,0.0,0,0,0
현대카드,Kia Members 경차전용카드,5000,0,,1,0,0,0,0,0,1,0,0,1,0,0,0,0,0,1,0.0,0,0,0
하나카드,한화손해보험 카드,5000,20,Mastercard,0,1,0,0,0,0,1,0,1,1,1,0,0,0,1,0,0.0,0,0,0
하나카드,후불하이패스 카드,5000,0,,0,0,0,0,0,0,0,0,0,1,0,0,0,0,0,0,0.0,0,0,0
제주은행,KCTV알뜰카드,5000,30,BC,0,0,1,0,0,0,1,1,0,0,0,0,0,0,1,0,0.0,0,0,0
신한카드,신한카드 Lady,5000,30,VISA Mastercard UnionPay,1,1,1,0,0,0,1,0,1,1,0,0,0,1,1,0,0.0,0,0,0
신한카드,신한 햇살론카드,5000,30,,0,0,1,0,0,0,0,0,1,0,0,0,0,0,0,1,0.0,0,0,0
롯데카드,세븐일레븐 멤버쉽롯데카드,5000,0,,1,0,0,1,0,0,0,0,1,1,1,0,1,0,1,0,0.0,0,0,0
롯데카드,삼성페이 롯데카드,5000,30,,0,0,0,1,0,0,0,0,1,0,0,0,0,0,1,1,0.0,0,0,0
IBK기업은행,IBK hi 카드,4000,20,VISA BC Mastercard,0,0,0,0,0,0,1,1,0,1,0,0,0,0,1,0,0.0,0,0,0
NH농협카드,후불하이패스카드(비씨),2000,0,UnionPay,0,0,0,0,0,0,0,0,0,1,0,0,0,0,0,0,0.0,0,0,0
NH농협카드,New후불하이패스카드,2000,0,,0,0,0,0,0,0,0,0,0,1,0,0,0,0,0,0,0.0,0,0,0
KB국민카드,e hi-pass 카드(현대차),2000,0,,1,0,0,0,0,0,0,0,0,1,0,0,0,0,0,0,0.0,0,0,0
IBK기업은행,참! 좋은 kt wiz 카드(신용),2000,0,VISA UnionPay,1,1,1,1,0,0,0,0,1,1,0,0,0,0,1,1,0.0,0,0,0
BNK부산은행,후불 하이패스카드,2000,0,BC,0,0,0,0,0,0,0,0,0,1,0,0,0,0,0,0,0.0,0,0,0
우리카드,NU 후불하이패스,2000,0,BC,0,0,0,0,0,0,0,0,0,1,0,0,0,0,0,0,0.0,0,0,0
신한카드,신한카드 후불하이패스+ (하이패스 전용),2000,0,,1,0,0,0,0,0,0,0,0,1,0,0,0,0,0,0,0.0,0,0,0
KB국민카드,모바일101카드,1000,20,VISA Mastercard,0,0,0,0,0,0,1,1,0,1,0,0,0,0,0,0,0.0,0,0,0
신한카드,신한카드 My TeenS,1000,0,,1,0,0,0,0,0,0,0,0,0,0,0,0,0,0,0,0.0,0,0,0
KB국민카드,알파원카드,0,0,Mastercard,0,0,0,0,0,0,0,0,0,0,0,0,0,0,0,0,0.0,0,0,0
KB국민카드,KB국민 국민행복카드,0,40,,0,1,1,0,0,1,1,1,0,0,0,0,0,0,0,0,0.0,0,0,0
IBK기업은행,국민행복카드(신용),0,30,BC,0,0,1,0,1,1,0,0,0,0,0,0,0,0,0,0,0.0,0,0,0
DGB대구은행,국민행복카드 신용카드,0,20,BC,0,0,1,0,1,1,0,0,0,0,0,0,0,0,0,0,0.0,0,0,0
BNK부산은행,국민행복카드,0,0,BC,0,0,1,0,1,0,1,1,0,0,0,0,0,0,0,0,0.0,0,0,0
현대카드,현대카드M-경차전용카드(유류세 환급),0,30,,1,0,0,0,0,0,1,0,1,1,0,0,0,0,0,1,0.0,0,0,0
현대카드,Kia Members 경차전용카드(유류세 환급),0,0,,1,0,0,0,0,0,1,0,0,1,0,0,0,0,0,1,0.0,0,0,0
현대백화점,현대백화점 Fit카드,0,0,,1,0,0,0,0,0,0,0,1,0,0,0,0,0,0,0,0.0,0,0,0
현대백화점,현대백화점 해피포인트카드,0,0,,1,0,0,0,0,0,0,0,1,0,0,0,0,0,0,1,0.0,0,0,0
현대백화점,현대백화점 현대오일뱅크카드,0,0,,1,0,0,0,0,0,0,0,1,1,0,0,0,0,0,0,0.0,0,0,0
제주은행,제주그린카드,0,30,,1,0,1,0,0,0,0,0,0,1,0,0,0,0,1,1,0.0,0,0,0
제주은행,국민행복카드,0,0,,1,0,1,0,1,0,0,0,0,0,0,0,0,0,0,0,0.0,0,0,0
우리카드,다둥이 행복카드,0,0,VISA,1,0,0,0,0,0,1,1,1,1,0,0,0,0,1,0,0.0,0,0,0
우리카드,국민행복카드 S2,0,30,BC Mastercard,0,0,0,0,1,1,1,1,0,0,0,0,0,0,0,1,0.0,0,0,0
삼성카드,삼성 iD POCKET 카드,0,0,,0,1,1,1,0,0,0,0,0,1,0,0,0,0,0,0,0.0,0,0,0
롯데카드,경차 smart 롯데카드,0,30,Mastercard,0,0,0,1,0,0,0,0,1,1,0,0,1,0,1,0,0.0,0,0,0
